mfcc1,mfcc2,mfcc3,mfcc4,mfcc5,mfcc6,mfcc7,mfcc8,mfcc9,mfcc10,mfcc11,mfcc12,mfcc13,zcr,form1,form2,form3,form4,m_centr,m_rollof,m_flatness,label
-0.78704,-0.6879,-0.63379,-0.60716,-0.69722,-0.68636,-0.64389,-0.67795,-0.66523,-0.65981,-0.68947,-0.64659,-0.70327,0.16811,1183.9,2316.4,3217.3,4129.5,3073.9,7678.9,0.042255,bird
-0.58914,-0.64795,-0.71224,-0.81586,-0.78982,-0.67702,-0.64601,-0.59986,-0.58828,-0.69768,-0.63486,-0.67729,-0.72431,0.2332,346.19,1115.5,2162.3,3398.3,3610.3,15031,0.11118,bird
-1.3959,-1.3615,-1.3094,-1.268,-1.2777,-1.3909,-1.4044,-1.1848,-1.1785,-1.2814,-1.3664,-1.3684,-1.3214,0.12514,1614.2,2004,2360.5,3475,2643.3,3463.6,0.0074333,bird
-1.3668,-1.3678,-1.3729,-1.3371,-1.4166,-1.4113,-1.3054,-1.3265,-1.423,-1.3592,-1.3767,-1.32,-1.3703,0.16527,897.9,1472.7,2419.7,2919,3496.2,5184.3,0.013361,bird
-1.2566,-1.0814,-1.0296,-1.0256,-1.1196,-1.0665,-1.1778,-1.0619,-1.054,-1.088,-1.051,-1.0227,-1.0763,0.21134,822.68,1696.6,2600.2,3680.9,3695,12919,0.087818,bird
-1.1827,-1.0881,-1.2269,-1.1857,-1.2106,-1.0911,-1.0668,-0.98903,-1.0567,-1.0262,-1.0795,-1.135,-1.0392,0.2225,553.87,1490.5,3006.7,4204.3,4466.2,6444.4,0.0041858,bird
-1.0404,-1.1137,-1.0888,-1.1258,-1.0973,-1.1169,-1.1568,-1.2176,-1.0379,-1.0699,-1.0799,-1.1744,-1.1311,0.071896,891.02,2140.5,3649.1,3668.5,698.83,4639.2,0.0015258,bird
-0.89053,-0.87406,-0.84112,-0.88025,-0.93308,-0.94742,-1.0843,-0.90235,-0.84856,-0.80342,-0.82692,-0.80182,-0.85775,0.1663,517.11,1387.2,2947.6,3331.7,3755.4,6021.4,0.0076181,bird
-1.0374,-0.95218,-0.83842,-0.91222,-1.0119,-1.0177,-0.98732,-0.916,-0.92228,-1.0655,-1.0556,-1.0596,-0.9915,0.19974,2010.4,2956.9,3788.1,4130.2,4404.8,6421.7,0.0081112,bird
-1.2083,-1.21,-1.2684,-1.2504,-1.241,-1.2714,-1.2416,-1.2586,-1.2606,-1.1856,-1.2495,-1.2706,-1.1956,0.11629,485.5,2071.8,2590.9,3619.5,2378.6,3951.8,0.0059646,bird
-0.9979,-0.99476,-0.97469,-1.0914,-1.1284,-1.0149,-0.97504,-0.9281,-0.95668,-0.98454,-0.90296,-0.92982,-1.0316,0.14522,597.04,1854.2,3215.9,3546.2,2634.5,5140,0.0086919,bird
-1.149,-1.0986,-1.0644,-1.1973,-1.1593,-1.1376,-1.1539,-1.1095,-1.109,-1.1037,-1.0424,-1.0352,-1.0567,0.026844,548.69,1279.7,2878.3,3672.9,568.79,690.48,0.0031872,bird
-0.86321,-0.78467,-0.76335,-0.81822,-0.90142,-0.93914,-0.79263,-0.7935,-0.80718,-0.76208,-0.7235,-0.6788,-0.68469,0.054222,537.8,921.19,1831,3221.3,1021.4,1795.6,0.0033271,bird
-0.80672,-0.82842,-0.83526,-0.87787,-0.82259,-0.88644,-0.83631,-0.76867,-0.76687,-0.86342,-0.79575,-0.74045,-0.79975,0.046419,553.84,954.41,1863.9,2912.3,843.53,1999.2,0.0029534,bird
-0.67706,-0.72541,-0.70299,-0.72042,-0.69646,-0.68721,-0.63773,-0.60854,-0.71928,-0.67216,-0.66143,-0.70064,-0.74054,0.074473,209.63,997.81,2483.9,4209.7,1030.6,2830.9,0.0073661,bird
-1.3475,-1.2815,-1.5375,-1.5603,-1.5559,-1.3041,-1.3328,-1.3176,-1.4384,-1.2572,-1.3459,-1.4983,-1.3453,0.1919,1938.4,2951.3,3311.8,3918.1,4196.4,4974.2,0.0033026,bird
-0.41608,-0.34967,-0.46172,-0.36515,-0.35737,-0.39599,-0.31852,-0.41945,-0.46494,-0.38268,-0.38878,-0.48833,-0.39102,0.14289,366.21,1169,2250.1,3056.2,2475.7,5484.5,0.023792,bird
-0.69213,-0.63869,-0.7383,-0.72802,-0.66897,-0.6402,-0.5377,-0.59134,-0.60562,-0.59463,-0.63963,-0.66017,-0.65096,0.22469,335.58,1313.1,2695.2,3561.3,4595.8,6728.5,0.028954,bird
-0.52674,-0.43626,-0.48593,-0.48429,-0.37891,-0.49214,-0.44463,-0.4465,-0.47402,-0.53864,-0.40165,-0.40925,-0.54719,0.17725,270.77,1587.7,3098.1,3669.2,3687.1,4761.3,0.016046,bird
-0.90963,-0.88785,-0.84229,-0.83438,-0.90112,-0.8294,-0.8042,-0.85662,-0.87821,-0.84522,-0.9371,-0.90495,-0.79459,0.052628,900.17,2110.3,3675.9,4108.8,555.28,2782.4,0.0053878,bird
-0.7684,-0.82821,-0.85048,-0.84888,-0.87518,-0.8497,-0.85926,-0.89367,-0.84024,-0.87909,-0.86813,-0.82993,-0.73161,0.036961,144.82,849.45,2245.1,3273.4,292.93,1456.6,0.0027211,bird
-1.0666,-0.98763,-0.95631,-1.0495,-1.0862,-1.1404,-1.0103,-0.95043,-1.0765,-1.064,-0.89348,-1.0277,-1.102,0.17316,1184.3,2079.2,2511.7,4106.2,3191.3,7025.5,0.033214,bird
-1.0203,-1.0139,-1.0375,-1.1733,-1.0795,-1.0801,-1.0461,-1.0263,-1.0534,-0.94245,-1.0858,-1.0746,-1.063,0.19404,988.28,2009.2,2687.7,4707.1,4030.6,6354,0.019213,bird
-1.2379,-1.21,-1.1598,-1.2003,-1.1691,-1.1906,-1.1438,-1.0341,-1.158,-1.1246,-1.2095,-1.0899,-1.1143,0.081252,257.32,1176,2574.8,2962.9,1458.5,2911,0.0064386,bird
-0.96681,-1.1356,-1.0926,-1.0096,-0.96842,-1.0508,-1.0952,-1.0704,-0.98501,-0.95159,-1.0011,-1.0456,-1.0135,0.19058,1033.5,1780.5,2644.3,3547,3964.8,5066.7,0.0041881,bird
-1.0222,-1.1371,-1.1709,-1.0418,-1.0278,-1.1641,-1.0586,-1.0487,-1.0949,-1.117,-1.0414,-1.1273,-0.9467,0.16055,1014.3,2807.2,3225.1,3909.9,3553.3,4081.6,0.0038895,bird
-0.86862,-0.9311,-0.90949,-0.88206,-0.84578,-0.87518,-0.8487,-0.90981,-0.98879,-1.0476,-0.89718,-0.78793,-0.89122,0.099439,446.4,2146.4,2335.2,3168.3,1769.7,3234.6,0.0065629,bird
-0.73073,-0.69179,-0.72947,-0.7782,-0.77231,-0.8557,-0.8046,-0.7328,-0.67371,-0.73001,-0.78319,-0.77258,-0.8305,0.042028,1114.9,2154.8,3571.5,4556.6,562,2138.4,0.0031849,bird
-0.82088,-0.83636,-0.76863,-0.79943,-0.8892,-0.81539,-0.74712,-0.87158,-0.84999,-0.91778,-0.84588,-0.90405,-0.85796,0.070576,501.96,1329.6,2233.4,3241.7,1262.1,2525.3,0.0030119,bird
-1.4195,-1.493,-1.4576,-1.3982,-1.3943,-1.4062,-1.4471,-1.5209,-1.5681,-1.6377,-1.7686,-1.7419,-1.6996,0.27043,1179.3,2053.3,2905.1,3797.8,5834.3,7992,0.02844,bird
-0.75454,-0.67293,-0.57766,-0.63939,-0.67422,-0.68229,-0.74692,-0.62989,-0.62194,-0.62054,-0.63923,-0.64583,-0.73425,0.22237,243.56,1440,2318.2,3444.3,4020,8097.6,0.018832,bird
-0.8084,-0.77325,-0.76448,-0.78364,-0.82575,-0.76913,-0.79628,-0.77557,-0.79295,-0.84818,-0.79365,-0.83116,-0.86843,0.091797,305.66,1042.4,2568.4,3168.9,1498.8,3296.5,0.0072002,bird
-1.3941,-1.5164,-1.406,-1.399,-1.4228,-1.3387,-1.3606,-1.2581,-1.2351,-1.3431,-1.418,-1.283,-1.239,0.15802,895.01,1561.3,3556.1,4255.7,3413.1,4788,0.0067327,bird
-1.2826,-1.3535,-1.2476,-1.3381,-1.319,-1.4195,-1.359,-1.3152,-1.2915,-1.3567,-1.445,-1.3075,-1.3362,0.15515,823.09,1177.1,1667.5,3694.6,3306.5,4744.4,0.0076856,bird
-1.4358,-1.4844,-1.3672,-1.4798,-1.508,-1.5253,-1.5495,-1.4348,-1.4033,-1.4295,-1.4999,-1.5247,-1.4852,0.19243,823.6,1942.1,2964.4,3413.4,3690.5,7687.5,0.048128,bird
-1.5328,-1.663,-1.6151,-1.5064,-1.6834,-1.6945,-1.7992,-2.0089,-2.0319,-2.065,-2.0105,-2.0966,-2.067,0.34464,874.72,1736.2,2799.3,3728.2,7216.4,11826,0.071877,bird
-1.8883,-1.678,-1.7927,-1.8932,-1.652,-1.7981,-1.7648,-1.6992,-1.6402,-1.6222,-1.4835,-1.6232,-1.5847,0.26327,1494.4,2435.1,3617.4,5034.7,5909.7,6244.9,0.0052083,bird
-1.4957,-1.6743,-1.5902,-1.6487,-1.4935,-1.5897,-1.51,-1.2738,-1.493,-1.4198,-1.3221,-1.5191,-1.2311,0.12673,1057.8,2145.4,2397.1,2864.9,2764.9,3843,0.0038241,bird
-1.6211,-1.6086,-1.3986,-1.4929,-1.5732,-1.4014,-1.4586,-1.4108,-1.3851,-1.3311,-1.5081,-1.3895,-1.4473,0.16349,1225.3,2113.5,2378.6,3964.5,3435.8,5226,0.003902,bird
-0.75367,-0.72612,-0.78252,-0.63319,-0.68996,-0.74038,-0.78091,-0.81948,-0.79186,-0.81369,-0.72825,-0.76999,-0.82406,0.077765,1104.1,3626.4,4667.2,5226.1,1083.5,3591.3,0.0025356,bird
-0.71017,-0.67552,-0.71516,-0.67038,-0.67982,-0.63248,-0.60335,-0.57385,-0.60329,-0.63802,-0.63769,-0.5498,-0.50689,0.097728,1026.4,1583.6,2253,3152.7,1952.1,4276.7,0.0065658,bird
-0.84874,-0.81675,-0.77734,-0.77979,-0.67994,-0.6785,-0.84425,-0.74103,-0.70803,-0.6477,-0.6955,-0.70272,-0.68786,0.10011,797.86,1430.6,2032.3,3190.3,1936.8,4415.3,0.0061119,bird
-1.0898,-1.031,-1.0549,-1.0666,-0.91471,-0.90997,-0.88602,-0.91601,-0.93377,-1.0015,-0.8644,-0.99108,-0.89714,0.10972,791.84,1431.9,1840.5,3086.9,2258,5171.7,0.0045355,bird
-0.87949,-0.82159,-0.91845,-0.91271,-0.91378,-0.93668,-0.93147,-0.91306,-0.88959,-0.89713,-0.97444,-1.0659,-0.95665,0.10371,669.93,1449.2,1849.1,3363.5,2026.4,5226.4,0.0050096,bird
-1.6056,-1.6587,-1.5391,-1.4648,-1.2239,-1.4208,-1.2896,-1.0677,-1.1001,-1.1219,-1.2286,-0.97936,-0.97867,0.086422,1043.3,1612.9,1830.7,2715.9,1892.5,2782.2,0.0022272,bird
-1.2335,-1.1685,-1.2316,-1.115,-1.1562,-1.1472,-1.1346,-1.1162,-1.1719,-1.1869,-1.1122,-1.0907,-1.0907,0.078787,1150.8,1537.5,1880.4,2856.1,1709.8,2725.4,0.0031691,bird
-1.6083,-1.3429,-1.1602,-0.9541,-0.90976,-0.98647,-0.83293,-0.91236,-0.96159,-0.82956,-0.90305,-0.84228,-0.80186,0.074252,1058.6,1479.9,1854.4,2699.1,1615.6,2498.4,0.0028627,bird
-0.28702,-0.28861,-0.27411,-0.29119,-0.31026,-0.31479,-0.28672,-0.39216,-0.2969,-0.34134,-0.33215,-0.35646,-0.42049,0.036012,105.13,1389.7,1554.8,3020.6,518.67,1745.3,0.003604,bird
-0.62176,-0.58382,-0.68176,-0.65926,-0.5713,-0.59685,-0.59564,-0.67545,-0.60402,-0.52637,-0.52882,-0.50514,-0.56938,0.07767,988.13,1486.4,2270.8,4233,1489.3,2581.5,0.0070631,bird
-0.57771,-0.66968,-0.65352,-0.52417,-0.59383,-0.59252,-0.57641,-0.56336,-0.5702,-0.61174,-0.50646,-0.53853,-0.52982,0.062314,1031,1367.4,2022.7,2796.2,1342.3,1871.7,0.0040961,bird
-0.91148,-0.90948,-0.91968,-0.86612,-0.97063,-0.93607,-0.8374,-0.87188,-0.88302,-0.80351,-0.90074,-0.93422,-0.87298,0.062987,643,1367.2,1933.7,3164,1193,1887,0.0051898,bird
-0.78524,-0.80681,-0.79096,-0.79327,-0.81004,-0.75319,-0.84892,-0.92807,-0.92073,-0.78862,-0.70669,-0.82638,-0.98073,0.070477,679.59,1447.7,2010.9,3327.1,1473.4,1973,0.0029824,bird
-0.89567,-0.8695,-0.73463,-0.72216,-0.72721,-0.7913,-0.79623,-0.83073,-0.89331,-0.81402,-0.75897,-0.72219,-0.78726,0.073793,588.54,1611,1652,2826.1,1439.4,2449.6,0.0065137,bird
-0.71787,-0.67498,-0.72404,-0.72584,-0.71604,-0.69983,-0.6825,-0.60532,-0.5686,-0.56206,-0.58914,-0.51984,-0.51291,0.018276,1129.2,1637,3444,4741.1,254.06,921.95,0.00079867,bird
-0.84136,-0.85684,-0.92031,-0.91634,-0.87922,-0.919,-0.79498,-0.85768,-0.77161,-0.74972,-0.72567,-0.70126,-0.63836,0.051383,1221.7,1621.4,2444.8,3027.5,1003,1765.2,0.0030146,bird
-0.99226,-0.9139,-0.84189,-0.7928,-0.82021,-0.85635,-0.81379,-0.87898,-0.9399,-1.0234,-0.88233,-0.83608,-0.85054,0.080619,1258.7,1818.5,2383.1,5778.8,1700.3,2742.8,0.0023431,bird
-0.5662,-0.64235,-0.68606,-0.72923,-0.64498,-0.59296,-0.54014,-0.55436,-0.58002,-0.53712,-0.63684,-0.65817,-0.64673,0.019873,1322,1920.5,3337.4,5186.3,251.23,1140.2,0.0026396,bird
-0.88902,-0.85522,-0.8381,-0.81767,-0.94583,-0.91892,-0.81957,-0.84308,-0.78432,-0.79414,-0.76468,-0.73302,-0.7157,0.078539,1225.9,1579.8,2029.2,3698,1678.9,2665.8,0.0032185,bird
-1.1819,-1.1774,-1.2558,-1.3396,-1.2126,-1.2767,-1.2797,-1.2001,-1.1627,-1.3232,-1.2124,-1.24,-1.2605,0.093277,642.26,1505.9,1938.6,3298.8,1895.8,4002,0.0066994,bird
-0.93001,-0.84027,-0.75521,-0.80026,-0.86128,-0.90558,-0.93665,-0.86282,-0.8553,-0.7751,-0.87508,-0.88232,-0.87738,0.10005,1184.4,2020.9,2731.8,2953.9,2177.3,3145,0.0068716,bird
-0.4693,-0.57102,-0.53101,-0.54517,-0.47857,-0.4457,-0.52545,-0.54536,-0.53579,-0.41791,-0.47994,-0.51317,-0.54686,0.05611,1227.1,1718.4,2179.3,3044.9,946.22,2220.9,0.0028787,bird
-0.59847,-0.65428,-0.57462,-0.47254,-0.55527,-0.58984,-0.58814,-0.53993,-0.47418,-0.47435,-0.48702,-0.56302,-0.54352,0.080571,1348.4,1976.3,3055.2,4528.9,1631.4,2600.3,0.0040008,bird
-0.72168,-0.76644,-0.7442,-0.65234,-0.70849,-0.64095,-0.67255,-0.80381,-0.73269,-0.69358,-0.63502,-0.74683,-0.81139,0.066837,1099.2,1471.9,2115.1,3142.7,1331.5,2151.9,0.0013944,bird
-0.47,-0.45517,-0.39213,-0.35385,-0.44171,-0.52652,-0.42391,-0.45467,-0.52756,-0.58419,-0.5648,-0.47895,-0.41041,0.053162,355.59,1066.1,2133.7,2657.2,972.53,2152,0.0031784,bird
-0.5605,-0.64182,-0.49385,-0.39746,-0.44303,-0.49927,-0.48853,-0.49411,-0.56558,-0.5707,-0.55513,-0.54077,-0.41953,0.060798,599.93,1530,2042,2770.1,1071.8,2367.9,0.004113,bird
-0.71304,-0.81934,-0.8276,-0.81296,-0.73515,-0.7345,-0.76566,-0.64005,-0.59074,-0.5906,-0.68096,-0.63534,-0.63103,0.13589,1252.4,1811.5,3455.1,4771.9,2586.1,6602,0.014169,bird
-0.49835,-0.46617,-0.4357,-0.47543,-0.46251,-0.43783,-0.5268,-0.56913,-0.51681,-0.52157,-0.57034,-0.5127,-0.58384,0.022554,1282.9,1768.8,3117.1,4420.3,346.25,1001.6,0.0027709,bird
-1.0404,-0.97249,-0.92927,-0.88871,-0.97622,-1.0208,-1.001,-1.0324,-0.95555,-0.98181,-1.0618,-1.1533,-0.93461,0.076361,722.32,1604.5,1982,3367.4,1466.8,2304,0.0046186,bird
-0.7032,-0.63461,-0.56081,-0.47954,-0.56662,-0.47908,-0.48335,-0.51356,-0.53382,-0.52275,-0.49788,-0.50003,-0.56644,0.071408,936.52,1627.1,2243.4,3233.8,1356.3,2395.7,0.0037803,bird
-1.0566,-1.0527,-0.98238,-0.94661,-1.0486,-1.0526,-0.98988,-0.96199,-0.95299,-0.98054,-1.0172,-1.0241,-0.97145,0.089437,1217.1,1862.1,2060.3,3286.6,1843.8,3554,0.0054967,bird
-1.0889,-1.1622,-1.1188,-1.1427,-1.1324,-1.0321,-1.0461,-1.1676,-1.1131,-1.1225,-1.1526,-1.0481,-1.0959,0.1002,1127.3,1520.1,2010.5,3378.5,1962.4,4127.6,0.0045326,bird
-1.5087,-1.3836,-1.3629,-1.2442,-1.0991,-1.0818,-1.1809,-1.2542,-0.99238,-1.0067,-0.96454,-0.94005,-1.0919,0.076508,1100.1,1477.6,2028.6,2550.5,1598.5,2692.8,0.0024896,bird
-0.7812,-0.72281,-0.71867,-0.7204,-0.61182,-0.65371,-0.64472,-0.59004,-0.64859,-0.6235,-0.56117,-0.64922,-0.47655,0.085817,1222.3,1651.6,2417.7,3119.9,1625.3,3048.4,0.0045506,bird
-0.80614,-0.7565,-0.8012,-0.68264,-0.68854,-0.65932,-0.6549,-0.6383,-0.67202,-0.61198,-0.66874,-0.62458,-0.66335,0.083568,1116.5,1830,2124.1,3082.9,1693.6,2849.6,0.0034815,bird
-0.71986,-0.55997,-0.59033,-0.65379,-0.65422,-0.74179,-0.72344,-0.61014,-0.60247,-0.6098,-0.66636,-0.59395,-0.59529,0.037396,832.48,1472.2,2388.2,3396.5,545.99,1758.6,0.0036516,bird
-0.56618,-0.5794,-0.69422,-0.51541,-0.61257,-0.72966,-0.58448,-0.5716,-0.59197,-0.64551,-0.59994,-0.61052,-0.65936,0.090306,1546.5,1593.4,2416.1,3138.5,1700.3,3083.3,0.0051625,bird
-0.91568,-0.97131,-1.0004,-0.97439,-0.97358,-1.0378,-1.0101,-0.94939,-0.97821,-0.9625,-0.86879,-1.058,-0.98361,0.086581,1515.7,1728.5,2362.1,3337.1,1838.3,3268.2,0.0044929,bird
-0.38945,-0.34468,-0.2895,-0.33388,-0.42261,-0.4293,-0.44206,-0.58366,-0.50381,-0.46777,-0.54703,-0.64776,-0.53918,0.083321,1180.3,1701.5,3126.4,4453.1,1613,4288.4,0.0084762,bird
-1.1214,-1.0461,-1.0451,-0.9061,-0.90381,-1.0399,-0.99947,-1.0596,-1.0463,-0.99118,-1.0049,-0.97607,-0.88548,0.037623,966.97,1496.1,2181.7,3513.9,446.6,1958.5,0.0050524,bird
-0.71347,-0.76287,-0.68535,-0.69563,-0.69389,-0.68178,-0.69185,-0.68844,-0.58842,-0.70538,-0.78482,-0.64331,-0.64244,0.062577,1395.7,1907.8,2579.8,3494.9,1206.4,2078.9,0.002866,bird
-0.70743,-0.75973,-0.79945,-0.75861,-0.65068,-0.56981,-0.6091,-0.54305,-0.58081,-0.58577,-0.52953,-0.56448,-0.65437,0.055121,702.3,1374.1,2098.1,2695.6,1174,1905.7,0.0012837,bird
-1.3523,-1.1882,-0.96527,-0.82486,-0.91773,-0.84013,-0.83506,-0.64097,-0.65291,-0.65231,-0.68112,-0.69931,-0.65968,0.0537,752.88,1338.8,1949.4,2981.4,1066.4,2141.7,0.0025465,bird
-1.4127,-1.3638,-1.0913,-0.79308,-0.70195,-0.6379,-0.68102,-0.7359,-0.86923,-0.94984,-1.0717,-1.0852,-1.1826,0.077472,775.08,804.57,1997.9,2724.2,964.53,2620.2,0.013305,bird
-0.57234,-0.52154,-0.50117,-0.39406,-0.62454,-0.51346,-0.4798,-0.45886,-0.49259,-0.47392,-0.52328,-0.4484,-0.4543,0.060758,953.46,1475.5,2605.7,3588.8,1225.6,2024.8,0.0039098,bird
-0.61083,-0.58122,-0.49665,-0.5308,-0.45015,-0.56715,-0.54038,-0.54243,-0.49122,-0.48066,-0.44205,-0.50585,-0.58994,0.077685,1271,1823.4,2576.8,3856.5,1409.9,3247,0.0052802,bird
-0.61577,-0.60652,-0.62805,-0.59988,-0.54489,-0.54542,-0.54373,-0.73046,-0.64769,-0.58978,-0.53738,-0.49391,-0.53986,0.049414,1195.8,1666.6,2570.9,3617.9,863.57,1946.6,0.0042383,bird
-0.58482,-0.64138,-0.56168,-0.69523,-0.65318,-0.72638,-0.72627,-0.70769,-0.72595,-0.68844,-0.70951,-0.66828,-0.75605,0.04966,600.65,1188.7,1847.2,3021.8,1035.3,1339,0.0015797,bird
-0.70528,-0.79628,-0.68616,-0.62006,-0.63839,-0.63263,-0.63013,-0.63417,-0.61787,-0.60638,-0.72266,-0.56823,-0.64822,0.059546,703.7,1296.9,2439.8,3211.1,1259.1,1799.5,0.00248,bird
-0.8461,-0.99189,-0.97188,-0.94031,-0.97613,-0.89163,-0.87157,-0.90103,-0.86888,-0.89691,-0.86996,-0.91448,-0.7097,0.059054,862.26,1324.3,2142.9,3132.7,1171.9,2013.1,0.0019309,bird
-0.69651,-0.65836,-0.67957,-0.57483,-0.54938,-0.52247,-0.562,-0.48394,-0.32726,-0.41089,-0.52272,-0.55231,-0.63907,0.066241,936.99,1315.5,2319,3614.5,1353.4,2155.6,0.0034798,bird
-0.7234,-0.64865,-0.6899,-0.62084,-0.58231,-0.57338,-0.59068,-0.69602,-0.73645,-0.7559,-0.7151,-0.60858,-0.64435,0.068052,844.69,1303.1,2685,3546.4,1378.4,2539.5,0.0051692,bird
-1.176,-1.1494,-1.1001,-0.91109,-0.8022,-0.75463,-0.79458,-0.99936,-0.95145,-0.98711,-1.0712,-1.3557,-1.3263,0.055287,612.43,1116.5,2149.4,3589.7,1039.7,2554.8,0.0053562,bird
-0.8588,-1.0711,-1.096,-1.2404,-1.2058,-1.2007,-1.2186,-1.1667,-1.2564,-1.2871,-1.2335,-1.1889,-1.2321,0.060907,331.29,979.73,2130.4,2832.7,1088.5,2821.7,0.0077983,bird
-0.98962,-1.0745,-0.97884,-1.0296,-0.81728,-0.55062,-0.49499,-0.47169,-0.45655,-0.50448,-0.66113,-0.91039,-1.1282,0.065853,655.92,889,1808,3012.8,1214.6,2608.1,0.004785,bird
-0.97993,-0.89739,-0.91806,-0.9604,-1.0014,-0.96593,-0.94774,-0.99392,-1.1256,-1.1086,-1.1877,-1.2224,-1.0734,0.050845,704.55,1192.4,1353.3,3026.2,1099.2,1272.2,0.0023258,bird
-0.96334,-1.055,-1.1563,-1.1302,-1.1964,-1.0621,-0.9255,-0.93094,-0.84845,-0.95154,-1.041,-0.98653,-0.96707,0.076736,1048.3,1265.6,2068.2,3239.8,1545.3,3096,0.0034706,bird
-1.3611,-1.3089,-1.0858,-0.89042,-0.79891,-0.98702,-1.0717,-0.9728,-0.8285,-0.91895,-1.0839,-1.0838,-1.0226,0.060294,849.42,1296.1,2335.7,3064.3,1295,2427,0.005549,bird
-1.5567,-1.4067,-1.1266,-0.96245,-1.042,-1.1,-1.214,-0.99709,-0.84452,-1.0283,-1.1333,-1.1019,-1.1067,0.048909,845.06,1291.8,2223.3,2937.8,1145.2,1703.5,0.0037583,bird
-1.0602,-0.98521,-1.0273,-1.143,-1.0977,-0.97956,-1.0238,-1.1571,-1.1322,-1.2745,-1.1334,-1.0053,-0.82419,0.060564,804.06,1185.3,1955.7,2838.4,1245.5,2244.4,0.004878,bird
-0.90747,-0.9385,-1.0349,-1.0186,-0.97094,-0.89807,-0.98256,-1.0253,-0.95054,-0.97389,-1.0468,-0.9957,-1.0362,0.09209,736.9,1836,3101.2,4048.3,1737.3,4405.1,0.0071181,bird
-0.71271,-0.77329,-0.83768,-0.78618,-0.72312,-0.77241,-0.8336,-0.72925,-0.73654,-0.85932,-0.802,-0.8653,-0.83824,0.05265,691.8,1190.9,2282.4,2952.4,1060.9,1956.8,0.0024414,bird
-0.73403,-0.65915,-0.6217,-0.36909,-0.32322,-0.32228,-0.40825,-0.47669,-0.49164,-0.65776,-0.72424,-0.52073,-0.562,0.040457,472.84,890.52,1737.2,2755.4,756.57,1360.6,0.0038205,bird
-0.79928,-0.74822,-0.82282,-0.81249,-0.81486,-0.87212,-0.84615,-0.82886,-0.85987,-0.7945,-0.79692,-0.8467,-0.80493,0.047128,732.91,1024.3,1719.4,3083,988.81,1576.2,0.0031257,bird
-0.52044,-0.6078,-0.63162,-0.66085,-0.67402,-0.75852,-0.85534,-0.80463,-0.67837,-0.67379,-0.75604,-0.75582,-0.84413,0.076956,493.83,1019.6,2174.2,2744.2,1534.6,2972.8,0.0034124,bird
-0.97323,-0.88301,-0.79509,-0.92048,-0.87548,-1.0022,-0.8823,-0.82091,-0.81183,-0.83103,-0.7516,-0.9457,-0.99009,0.024922,766.53,1098.1,2180.8,3441.3,457.39,783.65,0.0025517,bird
-0.90742,-0.91863,-0.9521,-0.89304,-0.91302,-0.93606,-0.98362,-0.9202,-0.75472,-0.70799,-0.72292,-0.75463,-0.82349,0.056441,828.42,1100.1,2523.5,3595.7,1017,1664.4,0.0053935,bird
-0.8506,-0.86965,-0.84257,-0.93423,-0.84417,-0.68652,-0.6022,-0.5681,-0.62044,-0.56677,-0.60385,-0.57167,-0.63518,0.085098,806.81,1038.8,2261.4,3488.1,884.54,2166,0.0081453,bird
-1.1972,-1.217,-1.1381,-1.1856,-1.1672,-1.2282,-1.1067,-0.96455,-1.0755,-1.021,-0.99591,-1.0948,-1.2343,0.14577,891.85,1279.9,1898.1,2866.4,2315.5,8072.8,0.033362,bird
-0.83431,-0.79015,-0.83716,-0.86801,-0.96637,-0.94554,-0.82691,-0.86534,-0.9391,-0.84243,-0.86327,-0.82364,-0.83577,0.083844,695.41,1258,2070.5,3782.7,1749.9,4074.1,0.0053273,bird
-0.89431,-0.9103,-0.87463,-0.91764,-0.80749,-0.82115,-0.8135,-0.65497,-0.7437,-0.73457,-0.72457,-0.79731,-0.79771,0.054812,1132,1181.3,2162,4046.8,978.49,1520.4,0.0050443,bird
-0.878,-0.81222,-0.9183,-0.88965,-0.83515,-0.67267,-0.70552,-0.67236,-0.62237,-0.66184,-0.74167,-0.80144,-0.68951,0.10571,1034,1485.9,3484,4495.7,1730.6,4472.2,0.022027,bird
-1.6803,-1.5189,-1.5816,-1.4771,-1.4663,-1.405,-1.4006,-1.4044,-1.3255,-1.5515,-1.3461,-1.267,-1.4329,0.025472,482.23,989.92,1840.2,3500.2,639.37,997.44,0.0017805,bird
-0.84668,-0.76028,-0.66247,-0.58797,-0.65796,-0.46362,-0.34219,-0.34033,-0.36555,-0.50934,-0.61911,-0.55983,-0.35988,0.049928,613.85,1207.7,2068.9,3098.1,940.7,1647.4,0.0049387,bird
-0.84482,-0.90628,-0.77293,-0.71633,-0.69449,-0.46619,-0.41261,-0.49872,-0.64906,-0.79343,-0.79406,-0.85799,-0.8837,0.16677,396.18,1037.1,2167,3302.9,2788.1,8560.7,0.069859,bird
-0.4179,-0.42002,-0.41464,-0.26369,-0.28847,-0.34064,-0.38417,-0.46481,-0.54741,-0.51844,-0.56624,-0.48616,-0.47242,0.046584,629.95,1185.2,2902.7,3942,936.6,1438.1,0.0032847,bird
-1.1868,-1.2908,-1.2433,-1.1958,-0.61326,-0.31183,-0.42219,-0.63513,-0.81561,-0.88093,-0.85432,-0.96745,-0.96253,0.050912,219.04,720.67,2030.7,3425.8,936.45,1807.2,0.0043755,bird
-0.57112,-0.63773,-0.57969,-0.62041,-0.68496,-0.67411,-0.64813,-0.61315,-0.67103,-0.66255,-0.57288,-0.60695,-0.61102,0.049376,745.22,1335.1,1769.1,3186.4,1021.1,1509.3,0.0023702,bird
-1.0248,-1.0157,-0.94948,-1.1007,-1.0525,-0.99615,-0.66238,-0.59691,-0.7,-0.67476,-0.67088,-0.94074,-1.0663,0.064815,727.59,1249.8,1655.4,2877.5,1211.3,2513.1,0.0069074,bird
-0.75017,-0.63326,-0.69804,-0.78634,-0.71627,-0.65943,-0.70153,-0.70694,-0.667,-0.66584,-0.68412,-0.63678,-0.67792,0.06722,593.78,1183.8,2324,2917.5,1449.6,2693.1,0.0032719,bird
-0.80459,-0.77768,-0.83745,-0.84684,-0.62365,-0.75013,-0.7776,-0.66341,-0.60521,-0.66863,-0.69993,-0.71431,-0.88633,0.066025,860.86,1254.6,2424.2,3019.9,1460.6,2481.1,0.0032298,bird
-1.1189,-1.0869,-1.0269,-1.0624,-1.0135,-1.0195,-1.0014,-0.94792,-0.86546,-0.90961,-0.89078,-0.8262,-0.85061,0.058141,964.08,1454.6,1987.4,2565.8,1287.6,1547.5,0.0020953,bird
-0.66609,-0.72824,-0.67132,-0.67333,-0.6511,-0.69976,-0.7359,-0.68452,-0.57586,-0.71232,-0.63151,-0.64961,-0.74319,0.09375,923.5,1946.1,2898.5,3867.3,1836.4,3122.2,0.0069992,bird
-1.1686,-1.0972,-1.1277,-0.96929,-0.89627,-0.78586,-0.88862,-1.0055,-0.95445,-0.95014,-0.96525,-0.95317,-0.83445,0.098477,876.3,1725.6,2045.8,3476.7,1822.6,4272.7,0.0032951,bird
-1.085,-0.90105,-0.85425,-0.81701,-0.89258,-0.86961,-0.92884,-0.99965,-0.97693,-0.97576,-1.0289,-1.1457,-1.2307,0.16492,1009.2,1526.4,3030.8,4315.8,3142.4,6036.4,0.0045154,bird
-1.0689,-0.92733,-0.90681,-0.92017,-0.93846,-0.87662,-0.96856,-0.84495,-0.9708,-0.82385,-0.80594,-0.95435,-0.77978,0.06998,794.37,1472.3,1763.6,2704.4,1431.6,2066.4,0.0029172,bird
-1.194,-1.2007,-1.0294,-0.80039,-0.49492,-0.57339,-0.5911,-0.66464,-0.6047,-0.60716,-0.62649,-0.74088,-0.81419,0.087594,870.54,1270.8,1956.7,2540.4,1803.8,2283.8,0.002693,bird
-1.0755,-1.2356,-1.1892,-1.2009,-1.2379,-1.2081,-1.0861,-1.0022,-0.86821,-0.99322,-0.91663,-0.79856,-0.90649,0.076668,739.61,1483.3,2289.3,3014.5,1441.2,2503.8,0.0035789,bird
-0.7811,-0.76277,-0.70884,-0.71377,-0.73475,-0.75301,-0.718,-0.6641,-0.69179,-0.74852,-0.58806,-0.70185,-0.69596,0.074113,891.6,1716.3,2354.1,3459.3,1437.3,2349.8,0.0034977,bird
-0.67584,-0.67246,-0.67975,-0.7476,-0.8171,-0.70657,-0.59278,-0.6306,-0.61516,-0.7144,-0.6413,-0.59959,-0.6441,0.074596,698.42,1440.3,1807.8,2895.6,1472.8,2062.7,0.0055483,bird
-1.5323,-1.572,-1.5,-1.4915,-1.5738,-1.513,-1.4491,-1.1566,-1.2205,-1.224,-1.2486,-1.0413,-1.2438,0.071754,772.88,1538.9,2264.1,3094.3,1534.1,2002.4,0.0027942,bird
-1.0801,-1.043,-1.0099,-0.97271,-0.91309,-0.67612,-0.63249,-0.72557,-0.76467,-0.73826,-0.61687,-0.62437,-0.64149,0.078206,767.63,1322.5,1956,2930.1,1555.6,2620.2,0.0038027,bird
-1.7147,-1.4989,-1.3341,-1.2503,-1.1123,-0.98757,-1.0404,-1.0658,-1.1721,-1.0533,-1.2283,-1.2462,-1.2076,0.082604,774.45,1446.9,2138.4,3094.2,1722,2254.5,0.0028286,bird
-1.1314,-1.1843,-1.2038,-1.0422,-0.96432,-0.90145,-0.90254,-0.9759,-1.0656,-0.87605,-0.77936,-0.92736,-1.048,0.092877,1118.3,2081.1,2230.2,3132.5,1871.7,3215.4,0.004223,bird
-1.1507,-1.1487,-1.1367,-1.1034,-1.0937,-1.1193,-1.0646,-1.0076,-0.95648,-1.0513,-1.0351,-0.93521,-0.98856,0.085999,1102.2,2170.5,2359.5,2912.2,1839.3,2868.5,0.0038114,bird
-2.3251,-2.0367,-1.6049,-0.84985,-0.65379,-0.51006,-0.57194,-0.52935,-0.47048,-0.39538,-0.46498,-0.47598,-0.44451,0.046038,159.46,912.69,1959.8,2474.6,729.69,2039,0.0029257,bird
-1.362,-1.3762,-1.3975,-1.2357,-1.0352,-1.1017,-1.0007,-0.80923,-0.95794,-1.0325,-1.0189,-0.86464,-0.94183,0.063529,732.04,1515.2,2221.8,3096.6,1378.6,2497.6,0.0024421,bird
-1.4392,-1.3309,-1.2904,-1.2639,-1.3039,-1.2585,-1.1544,-1.0778,-1.0469,-1.0269,-1.0447,-1.1163,-0.91106,0.10342,802.38,1760.8,2586.8,3519.7,2020.3,3866.4,0.0035835,bird
-1.5219,-1.757,-1.875,-1.5511,-1.9398,-1.6475,-1.9059,-1.9105,-1.9165,-1.9992,-1.8607,-1.9511,-1.9699,0.097404,367.87,2187.7,3458,3572.9,2063.3,2646.8,0.0030488,bird
-1.2415,-1.2938,-1.2131,-1.2381,-1.2493,-1.2022,-1.2348,-1.0041,-1.0954,-0.97682,-0.95274,-0.9309,-1.0013,0.063525,718.45,1447.9,1841.7,2837.4,1361.8,2169.5,0.0023909,bird
-0.70308,-0.71847,-0.64158,-0.6105,-0.57683,-0.59008,-0.44718,-0.45134,-0.50205,-0.54257,-0.57159,-0.61237,-0.56397,0.063599,803.92,1614,2655.5,3977.1,1286.2,1789.7,0.0024017,bird
-1.2804,-1.2169,-1.2228,-1.2417,-1.1361,-1.1745,-1.0909,-1.0312,-1.0203,-1.0182,-1.0053,-1.09,-1.0623,0.063927,744.56,1479.7,2181.2,3001.1,1370.8,1533.3,0.001863,bird
-1.3454,-1.3021,-1.4619,-1.458,-1.3302,-1.225,-1.0704,-1.1564,-1.1765,-1.1244,-1.2725,-1.1738,-1.0986,0.065766,679.73,1401.1,1897.4,3023.1,1443.4,2176.7,0.0020809,bird
-1.2528,-1.2642,-1.2497,-1.3047,-1.3282,-1.1499,-1.0487,-1.0644,-0.83171,-0.8686,-0.91576,-0.80158,-0.91464,0.07062,784.13,1563.7,2320.5,3123.3,1537,2360.5,0.0030186,bird
-1.0762,-1.0902,-1.0174,-1.0216,-0.97289,-0.96912,-0.87055,-0.87083,-0.94101,-0.8797,-0.91995,-0.85538,-1.0196,0.05987,868.63,1429.3,2068.5,3083.2,1271.6,2327,0.0024851,bird
-1.2553,-1.4636,-1.3439,-1.1752,-1.0472,-1.0248,-1.0252,-1.1074,-1.0348,-0.92631,-0.88054,-0.84596,-0.74383,0.064316,813.35,1482.5,2279.9,3204.4,1414.9,1839.8,0.0028114,bird
-1.404,-1.3152,-1.2933,-1.3848,-1.1565,-1.1423,-1.1631,-1.2345,-1.1557,-1.0478,-1.0382,-1.2222,-1.1117,0.081425,926.85,1502.4,2008.4,2867,1624.6,2895.6,0.0028585,bird
-1.7357,-1.5889,-1.3885,-1.3497,-1.1221,-1.1506,-1.0297,-1.0074,-0.93146,-0.90388,-1.0509,-0.91156,-1.0515,0.075927,911.92,1490.1,2081.9,3039.3,1536.9,3062,0.0038516,bird
-2.3001,-2.2133,-2.0091,-1.8332,-1.4035,-1.6039,-1.3083,-1.2979,-1.0448,-1.1057,-1.3115,-1.0878,-1.3569,0.080278,1038.5,1306.9,2463.4,3008.7,1644,3189.8,0.0055504,bird
-1.5254,-1.5736,-1.5031,-1.6653,-1.4277,-1.306,-1.2636,-1.0536,-0.80197,-0.63872,-0.72568,-0.79051,-0.62075,0.056578,679.73,1179.4,1607.1,2447.9,1207,1581.8,0.0019077,bird
-1.8689,-2.183,-2.1697,-0.80924,-0.60096,-0.52486,-0.629,-0.62697,-0.66824,-0.67119,-0.66087,-0.63639,-0.59301,0.03413,856.84,1566.3,2132.9,3118.2,679.96,1536.8,0.002246,bird
-1.2442,-1.2767,-1.1938,-1.1507,-1.1218,-1.0235,-1.0325,-0.93182,-1.0125,-1.0234,-1.1843,-0.96276,-0.97495,0.074949,758.1,1559.8,1885.7,3439,1594.1,1967.7,0.00487,bird
-0.68738,-0.69462,-0.63758,-0.65175,-0.68177,-0.76107,-0.74129,-0.90609,-0.90656,-0.81389,-0.71084,-0.70169,-0.72315,0.039612,550.44,1179.8,1818.5,3481.4,816.18,1394.8,0.0024997,bird
-1.3454,-1.3898,-1.4092,-1.4628,-1.4761,-1.2301,-1.2614,-1.0902,-1.1451,-1.0889,-0.93992,-0.91168,-0.92925,0.0401,630.51,1280.5,1685.8,2625.7,840.41,1318.8,0.002423,bird
-1.487,-1.5299,-1.3516,-1.3058,-1.2749,-1.2415,-1.2668,-1.3404,-1.309,-1.2168,-1.1412,-1.2189,-1.347,0.048708,690,1122.2,2148.9,2521.7,1022.6,1757.7,0.0025528,bird
-1.0001,-1.1083,-1.0237,-1.0061,-1.1108,-0.89346,-0.92453,-0.84403,-0.84078,-0.81836,-0.82088,-0.73247,-0.87785,0.055874,710.75,1501.9,2210.9,3007.4,1068.9,1925.3,0.0032137,bird
-1.0073,-0.99043,-0.94635,-0.87326,-0.82514,-0.9941,-0.79241,-0.77801,-0.78011,-0.74938,-0.84728,-0.7908,-0.83708,0.077741,706.37,1510.1,1903,3070,1397.6,2042.4,0.0032931,bird
-1.0141,-1.1438,-1.1037,-1.045,-1.1794,-1.0565,-1.0041,-0.88732,-0.77764,-0.84906,-0.79864,-0.82468,-0.90395,0.06218,721.94,1566.2,2109.7,3031.2,1300.3,2100.6,0.002632,bird
-1.1602,-1.0785,-1.0587,-1.0599,-0.84974,-0.81487,-0.80983,-0.79196,-0.84234,-0.76435,-0.99574,-0.84166,-0.88859,0.075111,743.65,1476.2,2227.2,2853.3,1633.5,2467.7,0.0025677,bird
-0.8247,-0.80133,-0.79798,-0.71525,-0.67904,-0.64847,-0.78002,-0.87057,-0.76173,-0.73536,-0.72837,-0.69048,-0.6591,0.077851,627.9,1349.4,1841,2651.1,1568.2,2400.2,0.0054499,bird
-0.92317,-0.84974,-0.90392,-0.7503,-0.7481,-0.6285,-0.6867,-0.63746,-0.60835,-0.5966,-0.6493,-0.76418,-0.76991,0.058393,684.38,1440.8,1973.8,2945.1,1169.8,1636.3,0.003195,bird
-0.64835,-0.65657,-0.68098,-0.80888,-0.66568,-0.64169,-0.66979,-0.65744,-0.71106,-0.79031,-0.80121,-0.70365,-0.73065,0.082381,510.08,1508.7,2319.2,2845.6,1688,2953.5,0.0056965,mammal
-0.77287,-0.76931,-0.68975,-0.74015,-0.74901,-0.71717,-0.67551,-0.5828,-0.64908,-0.68827,-0.66892,-0.63435,-0.75804,0.081535,251.04,1141,2108,3253.1,1288,2445.5,0.0065132,mammal
-0.71504,-0.77302,-0.75189,-0.68199,-0.67536,-0.70754,-0.62544,-0.67918,-0.75128,-0.77912,-0.7426,-0.72315,-0.73094,0.044199,694.52,1029.7,1940,3407.7,869.07,1856,0.0025027,mammal
-0.38944,-0.38581,-0.35676,-0.38165,-0.46673,-0.47057,-0.38833,-0.4078,-0.41178,-0.38701,-0.39458,-0.43347,-0.42313,0.065722,523.42,1661.7,2314.1,2881.1,1418.3,2688,0.0038372,mammal
-0.73853,-0.73047,-0.77337,-0.77652,-0.6553,-0.6772,-0.75749,-0.80555,-0.77932,-0.80095,-0.84468,-0.86771,-0.82715,0.025324,1029.4,1965.7,2934.9,3921.2,397.15,1193.5,0.0016601,mammal
-1.2747,-1.3298,-1.3514,-1.3204,-1.4407,-1.3739,-1.3506,-1.2915,-1.3739,-1.3213,-1.2584,-1.281,-1.2921,0.06496,594.93,1757.3,2438.5,3808,1244.2,2455.2,0.002932,mammal
-0.69223,-0.79052,-0.67566,-0.59546,-0.57081,-0.59708,-0.59923,-0.62887,-0.64609,-0.59964,-0.52827,-0.55066,-0.54259,0.020824,246.7,901.52,1813.6,2508.8,398.94,1200,0.0038471,mammal
-0.5756,-0.52206,-0.59645,-0.50876,-0.6057,-0.56423,-0.49883,-0.48724,-0.50899,-0.62603,-0.58408,-0.52323,-0.5309,0.043069,790.65,1605.7,2489.1,2786.5,799.81,2111.4,0.0020053,mammal
-0.3672,-0.48154,-0.42237,-0.51339,-0.57296,-0.54896,-0.38189,-0.50132,-0.40405,-0.43082,-0.51693,-0.40337,-0.52079,0.025138,681.51,1690.2,2140.4,3023.3,442.91,1324.9,0.0031831,mammal
-0.52508,-0.55979,-0.63295,-0.59874,-0.59799,-0.60707,-0.61454,-0.6338,-0.5302,-0.55835,-0.54446,-0.5748,-0.55565,0.046457,685.48,1489.2,2086.2,2841.9,774.32,2123.7,0.0036294,mammal
-1.3336,-1.1231,-1.0329,-0.84058,-0.75674,-0.75866,-0.78212,-0.88677,-0.87766,-0.83063,-0.81651,-0.81077,-0.8061,0.12343,756.43,1932.6,3071,3790.4,2577.7,4871.6,0.0082555,mammal
-1.2713,-1.112,-1.0927,-1.0241,-1.0652,-1.1829,-1.0781,-1.0808,-1.0706,-1.1682,-1.112,-1.081,-0.96105,0.088773,680.03,1514.7,2517.7,2784.7,1943.6,3199.2,0.0081271,mammal
-1.0209,-0.89524,-0.80962,-0.78162,-0.72042,-0.70164,-0.68518,-0.76858,-0.73394,-0.71562,-0.65151,-0.63969,-0.59129,0.086302,663.99,1691,2462.7,2805.6,1781.5,3972.4,0.0084381,mammal
-0.93419,-0.943,-0.99654,-0.82995,-0.85764,-0.87923,-0.8319,-0.8011,-0.84933,-0.94851,-0.85487,-0.80493,-0.84103,0.075534,828.24,1632,2134.2,3765.4,1576.1,2245.2,0.0021556,mammal
-0.99717,-0.92136,-0.95117,-0.96107,-0.92891,-0.87456,-0.80686,-0.79882,-0.89388,-0.8773,-0.93152,-0.81877,-0.78271,0.082829,782.84,1425.9,1967.6,2594.2,1804.5,2512,0.0028192,mammal
-0.58348,-0.67706,-0.70789,-0.75684,-0.75466,-0.73122,-0.69363,-0.7317,-0.7168,-0.64838,-0.61662,-0.64365,-0.64068,0.05776,891.66,2044.6,2855.9,3898.1,906.16,2584.2,0.0054727,mammal
-0.35052,-0.39782,-0.39026,-0.4467,-0.40555,-0.43699,-0.43116,-0.39445,-0.41314,-0.43538,-0.41842,-0.40572,-0.39025,0.049299,607.83,1386,2244.9,3023.2,1004.6,2348.9,0.0025079,mammal
-0.68424,-0.6299,-0.61862,-0.64811,-0.67358,-0.59704,-0.67797,-0.67693,-0.69724,-0.62463,-0.56395,-0.65903,-0.54738,0.060816,704.22,1591.4,2376.2,3433.5,1032.2,2803.5,0.0044504,mammal
-0.69417,-0.71535,-0.72557,-0.65764,-0.68027,-0.64642,-0.59078,-0.61453,-0.64162,-0.70435,-0.72518,-0.69824,-0.54843,0.057407,624.36,1613.9,2199.8,3059.7,993.55,2752.8,0.0034212,mammal
-0.73973,-0.68872,-0.75712,-0.66246,-0.71188,-0.72537,-0.72874,-0.84215,-0.74519,-0.73026,-0.6322,-0.59718,-0.78931,0.073453,865.69,1659.8,2691.9,3078.2,1516.1,2632.3,0.0034686,mammal
-0.78063,-0.81548,-0.78616,-0.7324,-0.67093,-0.76937,-0.72722,-0.66053,-0.64905,-0.66206,-0.58663,-0.62754,-0.57295,0.053751,755.51,1700.9,2283.3,3104.4,915.23,2493.5,0.0033787,mammal
-0.27879,-0.27415,-0.40233,-0.3555,-0.31487,-0.22281,-0.29932,-0.31789,-0.28307,-0.30184,-0.26084,-0.39927,-0.46398,0.061562,606.31,1715.5,2387.5,3181,1215.6,2795.9,0.0034783,mammal
-0.50688,-0.53384,-0.51765,-0.53074,-0.55654,-0.52494,-0.3804,-0.35543,-0.42519,-0.48575,-0.61642,-0.63941,-0.52541,0.066805,641.52,1376.7,2088,3231.5,1302.4,2969.1,0.0042174,mammal
-0.53187,-0.38883,-0.45071,-0.62755,-0.66529,-0.50975,-0.40059,-0.4253,-0.53546,-0.46262,-0.46368,-0.50675,-0.57806,0.069068,676.86,1505.4,2611.9,3261.9,1234.8,2868.5,0.0056347,mammal
-0.67163,-0.68949,-0.72033,-0.70726,-0.67033,-0.7575,-0.65605,-0.63333,-0.72354,-0.67338,-0.65984,-0.69068,-0.66078,0.022973,926.81,1726.3,2397.5,3646.6,458.06,990.73,0.0021134,mammal
-0.48237,-0.46541,-0.53459,-0.57553,-0.52097,-0.47452,-0.40421,-0.41226,-0.444,-0.39521,-0.4124,-0.41159,-0.31758,0.036772,702.46,1887.4,2205.3,3001.9,828.18,1873.6,0.0023662,mammal
-0.45267,-0.50006,-0.57739,-0.50743,-0.48128,-0.59409,-0.54862,-0.49448,-0.43113,-0.48853,-0.55958,-0.63043,-0.57524,0.021573,116.18,986.59,2009.3,3129.7,458.67,902.1,0.0019977,mammal
-0.75156,-0.7087,-0.64038,-0.71491,-0.76246,-0.84365,-0.71891,-0.59952,-0.59831,-0.57404,-0.68681,-0.73099,-0.6705,0.030199,914.01,1752.7,3113.6,4331,632.8,1222.7,0.002049,mammal
-0.69531,-0.71959,-0.68085,-0.66495,-0.63867,-0.57922,-0.59708,-0.56682,-0.54043,-0.49153,-0.53596,-0.60947,-0.6345,0.1063,873.3,2106.7,3023.1,3604.7,2446.7,3806.4,0.0068073,mammal
-0.49281,-0.62263,-0.59584,-0.51145,-0.54196,-0.51464,-0.48609,-0.62075,-0.59544,-0.51831,-0.53788,-0.50532,-0.46012,0.069824,1290.8,2274.3,2591.4,3493.9,1695.1,3485.7,0.0042259,mammal
-0.8935,-0.71809,-0.76868,-0.80496,-0.73867,-0.8718,-0.93192,-0.84275,-0.77292,-0.70836,-0.72358,-0.78129,-0.80856,0.1537,540.24,1593.5,2557.2,4264.7,2724.4,6823.3,0.030143,mammal
-1.0349,-1.0589,-1.007,-0.99116,-0.98122,-0.9912,-0.99546,-0.99661,-1.038,-1.0564,-1.0356,-1.0179,-0.98916,0.084778,965.97,1869.8,2256.5,3207.2,1802.2,3176.4,0.0033719,mammal
-0.50735,-0.40796,-0.41327,-0.45714,-0.44358,-0.46848,-0.39829,-0.47181,-0.52504,-0.52965,-0.56561,-0.65094,-0.57896,0.080287,606.8,1760.3,2127.5,3593.5,1436.4,3981.3,0.013851,mammal
-0.5515,-0.56374,-0.56276,-0.53933,-0.54209,-0.56391,-0.61425,-0.63335,-0.62201,-0.63349,-0.64151,-0.61907,-0.61305,0.065108,638,1264.8,2106.4,2967.6,1385,2351.1,0.003448,mammal
-0.76156,-0.69093,-0.71018,-0.68482,-0.75697,-0.82735,-0.75385,-0.7347,-0.71635,-0.76413,-0.75637,-0.71296,-0.77271,0.090649,615.39,1428.9,2477.5,2960.6,1748.2,3907.2,0.0082123,mammal
-0.76049,-0.74212,-0.83576,-0.77861,-0.83395,-0.716,-0.7217,-0.64699,-0.65452,-0.70102,-0.73298,-0.7015,-0.74711,0.04531,682.15,1343.6,2183,2862.6,1020.8,2206,0.0019275,mammal
-0.97349,-1.1035,-1.01,-0.97695,-0.87816,-0.90358,-0.79074,-0.6074,-0.56357,-0.47449,-0.50781,-0.64815,-0.63451,0.091684,497.23,1281.5,2283.6,2936.2,1794.8,4174.4,0.0066122,mammal
-0.92556,-0.95023,-0.89419,-0.92227,-1.0032,-0.88667,-0.84326,-0.92589,-0.9201,-0.96916,-0.90955,-0.89686,-0.90467,0.053376,698.57,1600.5,2128.4,3015.1,1023.1,2386,0.0047444,mammal
-0.91649,-0.91459,-0.86456,-0.96639,-0.94244,-0.91901,-0.92491,-0.8934,-0.97009,-0.94919,-0.92174,-0.86672,-0.91488,0.052742,694.88,1633.9,2525.2,3320,1112,2227.8,0.0028603,mammal
-1.0728,-1.054,-1.0697,-1.0565,-1.058,-1.0836,-1.0521,-1.0179,-0.95043,-1.0099,-0.99475,-1.0493,-1.0759,0.057266,410.28,1358.4,2324.2,2803.9,1435.1,2726.4,0.0024691,mammal
-0.29126,-0.2214,-0.18151,-0.17466,-0.076856,-0.094406,-0.17472,-0.11439,-0.13653,-0.047325,-0.14724,-0.076621,-0.078144,0.044855,157.33,926.85,2123.7,2755.1,648.5,2209,0.0054659,mammal
-0.62549,-0.57002,-0.53844,-0.54302,-0.4829,-0.46053,-0.49411,-0.50084,-0.50571,-0.48888,-0.50772,-0.51841,-0.54143,0.053854,331.4,1146.1,2498.6,3522.3,808.39,2632.1,0.0059685,mammal
-0.53719,-0.5,-0.49567,-0.55081,-0.47085,-0.39287,-0.41715,-0.43908,-0.54125,-0.51808,-0.44915,-0.53385,-0.48838,0.059373,509.53,826.32,1949.6,2728,1065.6,2539.4,0.0040029,mammal
-0.2791,-0.14845,-0.31166,-0.23297,-0.18581,-0.32836,-0.18108,-0.20044,-0.2851,-0.17986,-0.22428,-0.25732,-0.23242,0.057758,389.39,1359.6,2416.2,3409,987.45,2685.9,0.0052655,mammal
-0.62611,-0.52409,-0.56051,-0.47202,-0.48871,-0.64677,-0.40967,-0.38734,-0.39951,-0.2961,-0.43482,-0.46848,-0.43725,0.038434,251.78,1146,1963.8,3407.2,654.8,1955.4,0.0030594,mammal
-0.5528,-0.4693,-0.38913,-0.37781,-0.42352,-0.33382,-0.34334,-0.39039,-0.37877,-0.4316,-0.41279,-0.41646,-0.32357,0.082932,453.98,689.26,1867.3,3096.6,1515.2,3836.6,0.0052282,mammal
-0.87573,-0.85858,-0.7206,-0.6526,-0.61907,-0.55055,-0.5814,-0.41423,-0.40073,-0.44438,-0.46495,-0.39481,-0.37966,0.083705,619.83,1224.2,1687.5,3187.1,1584.3,3522.6,0.005922,mammal
-0.22222,-0.21349,-0.33918,-0.493,-0.62776,-0.69441,-0.72377,-0.61092,-0.62112,-0.51763,-0.48026,-0.51814,-0.57382,0.084218,484.26,1225.6,2116.1,3324,1454.5,3739.1,0.0044548,mammal
-0.80439,-0.83371,-0.84433,-0.87534,-0.77828,-0.67417,-0.6393,-0.78971,-0.87439,-0.80272,-0.78675,-0.85023,-0.7605,0.14921,237.62,991.7,2028.2,3442.6,2815.7,5883.3,0.014287,mammal
-0.49998,-0.44815,-0.26735,-0.14242,-0.22042,-0.26762,-0.12195,-0.13939,-0.16959,-0.14252,-0.18722,-0.25341,-0.076452,0.022983,210.82,765.82,1613.4,2707,451.93,932.85,0.0018862,mammal
-0.03854,-0.048347,-0.13276,-0.088087,-0.043753,-0.01665,-0.071254,0.017524,-0.098153,-0.017132,0.017086,-0.022111,-0.0083429,0.02568,762.39,1836.5,3318.3,4071.4,466.06,1054,0.0021824,mammal
-0.13625,-0.21469,-0.27203,-0.25267,-0.18476,-0.16627,-0.15443,-0.17523,-0.18914,-0.1557,-0.21106,-0.21017,-0.21021,0.034864,298.7,770.43,1735.2,2630.1,590.56,1515.3,0.0038753,mammal
-0.93348,-0.94568,-0.86967,-0.8466,-0.80899,-0.81897,-0.61421,-0.29495,-0.3085,-0.53927,-0.15662,-0.12961,-0.22916,0.082827,258.01,1011.4,2900.9,3944.9,1262.4,3745.1,0.020486,mammal
-0.70005,-0.46877,-0.49627,-0.49557,-0.40691,-0.3549,-0.30762,-0.31785,-0.31846,-0.34286,-0.16361,-0.23958,-0.31382,0.041401,269.58,1091,2543.7,3184.7,667.52,1790.7,0.0040793,mammal
-0.85283,-0.80048,-0.79856,-0.76649,-0.61346,-0.44437,-0.45549,-0.45053,-0.35484,-0.28432,-0.34944,-0.46037,-0.38214,0.051197,355.98,992.28,2223.4,2941.2,784.39,2284.3,0.0080474,mammal
-0.39784,-0.21316,-0.23158,-0.35213,-0.21198,-0.076149,-0.13793,-0.25811,-0.14834,-0.068247,-0.23787,-0.54494,-0.61707,0.038533,216.05,1022.7,2247.1,3379,620.46,1914.7,0.0049362,mammal
-0.3378,-0.30088,-0.26637,-0.26214,-0.40931,-0.39777,-0.47529,-0.5035,-0.4559,-0.49236,-0.41144,-0.49435,-0.47682,0.12659,1142.8,1967.5,3023.9,3904.5,2512.9,5446.4,0.0097452,mammal
-0.81448,-0.75719,-0.69749,-0.64836,-0.70605,-0.5515,-0.20216,-0.036001,-0.011425,-0.14979,-0.15008,-0.17601,-0.12146,0.030136,237.34,1199.6,2310.6,3655.7,361.48,1191,0.0041694,mammal
-0.97417,-0.73406,-0.60686,-0.73349,-0.72949,-0.82184,-0.8831,-0.78139,-0.76267,-0.74031,-0.72361,-0.75497,-0.78084,0.034693,387.27,1022,2156.4,3511.2,595.06,1757.1,0.0033831,mammal
-0.73431,-0.72719,-0.49534,-0.49954,-0.48231,-0.47597,-0.38328,-0.49584,-0.46541,-0.5438,-0.47119,-0.64834,-0.53121,0.13792,500.02,1293.4,1999.1,3710.4,2671.9,6100,0.014066,mammal
-0.59933,-0.5233,-0.50172,-0.50411,-0.51424,-0.54594,-0.62424,-0.6247,-0.55608,-0.55141,-0.82362,-0.98952,-0.91137,0.025057,567.08,1222.8,2286.7,3443.4,368.74,891.67,0.003601,mammal
-0.60757,-0.84792,-0.71959,-0.6186,-0.69339,-0.75987,-0.65588,-0.70915,-0.75551,-0.71016,-0.6872,-0.76829,-0.74932,0.15829,607.83,2002.3,3009.7,4293.2,3224.8,5846.3,0.01561,mammal
-0.49756,-0.38989,-0.51894,-0.4542,-0.49123,-0.39673,-0.40572,-0.4231,-0.582,-0.68045,-0.68201,-0.71771,-0.6122,0.14712,544.65,1649.4,2023,3649.6,2737.7,6028.7,0.01157,mammal
-1.1598,-1.0745,-1.0868,-1.086,-1.0327,-1.0198,-1.1663,-0.76354,-0.36783,-0.4272,-0.43705,-0.42618,-0.27136,0.030416,166.64,981.49,1580.3,2956.6,400.18,1419.2,0.0051806,mammal
-0.80079,-0.76531,-0.78894,-0.83702,-0.76071,-0.64598,-0.77815,-0.83828,-0.7688,-0.70178,-0.72954,-0.6842,-0.76695,0.043937,244.04,1529.3,2343.4,3560.9,490.62,2044.4,0.0086251,mammal
-0.64199,-0.75301,-0.74274,-0.74168,-0.61747,-0.6344,-0.6272,-0.75001,-0.82429,-0.82206,-1.0292,-0.94589,-0.9232,0.055556,462.62,1573.6,2905.2,3914.7,817.58,2377.5,0.0097274,mammal
-0.99213,-1.0995,-1.0528,-1.0446,-0.94233,-0.91848,-0.88037,-0.79166,-0.7769,-0.75454,-0.75216,-0.64882,-0.68663,0.061165,138.61,1462,2190.5,3347.7,1031.1,2574.1,0.0041564,mammal
-0.85909,-0.8215,-0.79773,-0.84844,-0.66328,-0.67417,-0.73127,-0.55636,-0.72494,-0.56212,-0.60612,-0.70544,-0.64886,0.029006,92.309,1423.9,2242.1,3214.9,571.17,1827.6,0.0049906,mammal
-0.66022,-0.62844,-0.64413,-0.66272,-0.59763,-0.58775,-0.58622,-0.65251,-0.60753,-0.60575,-0.58717,-0.59466,-0.621,0.042262,1304.8,2223.8,3007.1,4109.7,676.18,2189.5,0.003885,mammal
-0.37715,-0.45185,-0.34427,-0.35333,-0.28904,-0.16528,-0.23615,-0.32039,-0.3333,-0.29236,-0.24382,-0.25546,-0.27813,0.038106,245.38,1057.8,2168.8,2986.7,510.25,1756.6,0.0047382,mammal
-0.50523,-0.38834,-0.37043,-0.38935,-0.38593,-0.33243,-0.32915,-0.31985,-0.27568,-0.38575,-0.37704,-0.38815,-0.52139,0.16138,1407.5,2514.8,3158.7,4648.1,3391.8,5579,0.013938,mammal
-0.56145,-0.4962,-0.45353,-0.44099,-0.40546,-0.40541,-0.38156,-0.36779,-0.3594,-0.35533,-0.30031,-0.46316,-0.54343,0.14084,151.14,1802.2,2898,3029.1,3021.7,4816.5,0.0077861,mammal
-0.17277,-0.1692,-0.21033,-0.25927,-0.29189,-0.31761,-0.20294,-0.20702,-0.27724,-0.23383,-0.24893,-0.30921,-0.26373,0.037919,268.17,1219.1,2398.2,3339.4,622.51,1663.6,0.0024214,mammal
-0.33376,-0.34076,-0.52837,-0.57967,-0.53133,-0.49211,-0.53513,-0.60626,-0.5602,-0.51005,-0.54094,-0.56459,-0.47677,0.078026,959.75,1529.7,2510.4,3844.8,1446.7,3908.5,0.0056564,mammal
-0.25069,-0.33934,-0.27179,-0.19857,-0.25241,-0.22401,-0.17377,-0.28177,-0.34099,-0.32189,-0.3249,-0.36793,-0.38841,0.05292,515.34,1314.5,2823.5,3383.9,976.21,2016.7,0.0034624,mammal
-0.8543,-0.86836,-0.72105,-0.74333,-0.76511,-0.8791,-0.76495,-0.73157,-0.67277,-0.74589,-0.77746,-0.68776,-0.66007,0.15243,542.18,1531,2153.7,3372.4,2929.3,5842.9,0.011498,mammal
-0.29321,-0.47274,-0.4679,-0.3994,-0.44683,-0.46706,-0.38247,-0.44417,-0.5311,-0.67127,-0.60053,-0.57461,-0.68974,0.11995,871.72,1373.7,2689.2,4048.6,2415.5,4917,0.007191,mammal
-0.13508,-0.12265,-0.19255,-0.15954,-0.18593,-0.18598,-0.20939,-0.22082,-0.17204,-0.23265,-0.20159,-0.19287,-0.17768,0.043509,648.61,1210.4,2512.7,3441,588.12,1870.2,0.0046838,mammal
-0.046441,-0.18759,-0.2385,-0.1811,-0.1304,-0.13866,-0.089265,-0.080501,-0.20075,-0.015572,-0.086529,-0.069508,0.01088,0.03553,261.6,1149.9,1188.2,2716,649.9,1347,0.0020081,mammal
-0.6444,-0.66838,-0.79158,-0.73774,-0.51735,-0.52317,-0.55292,-0.42416,-0.51757,-0.39735,-0.45335,-0.40523,-0.59169,0.035601,463.44,1282,2270.3,3345.3,455.74,1087.2,0.0034342,mammal
-0.79089,-0.86494,-0.83855,-0.93054,-0.89905,-0.82999,-0.71524,-0.73351,-0.91432,-0.89323,-0.81975,-0.7625,-0.84302,0.050504,727.34,1587.9,2022.9,2651.5,1070.9,1970.4,0.0045441,mammal
-1.4845,-1.4453,-1.3695,-1.1801,-0.94511,-0.83837,-0.87049,-0.8169,-0.81337,-0.88571,-0.84293,-0.76842,-0.90753,0.035107,479.61,948.98,1701.6,2754.2,686.92,1150,0.0039436,mammal
-1.0316,-0.93284,-0.99181,-1.0107,-0.87836,-0.87763,-0.83473,-1.0305,-1.0298,-0.81826,-0.7983,-0.88669,-0.88773,0.038735,428.49,815.84,1726.5,2440.3,645.58,1296.4,0.0033483,mammal
-0.6992,-0.41295,-0.59342,-0.60092,-0.66495,-0.82206,-0.74231,-0.66585,-0.61396,-0.69675,-0.65746,-0.62976,-0.74873,0.02517,498.49,925.9,1476.5,2627.7,535.87,844.93,0.0011191,mammal
-0.98508,-0.8569,-0.86902,-0.7881,-0.81978,-0.85975,-0.83674,-0.82851,-0.83954,-0.77134,-0.84202,-0.8673,-0.76329,0.034034,637.64,1253.5,1993.6,2832.9,742.83,1301.9,0.001995,mammal
-1.907,-1.8455,-1.8011,-1.697,-1.2667,-0.99696,-0.94056,-0.88394,-0.8033,-0.74004,-0.85861,-0.7842,-0.8763,0.15166,772.85,1139.3,1404.1,2327.7,2398.3,4142.9,0.013397,mammal
-3.1814,-2.6208,-1.8275,-1.4865,-1.34,-1.1309,-0.87224,-0.94968,-0.94408,-0.80514,-0.81676,-0.74697,-0.74226,0.080682,809.4,1614.3,2481,3270,2095.8,3608.3,0.047687,mammal
-0.88034,-0.69401,-0.74794,-0.83835,-0.74091,-0.73345,-0.68879,-0.67891,-0.7992,-0.78975,-0.78817,-0.79632,-0.81678,0.046882,539.95,1179.2,1791.8,2552.6,1020,1733.3,0.0026939,mammal
-1.8664,-1.6519,-1.302,-1.1232,-0.66859,-0.64884,-0.67064,-0.71541,-0.77137,-0.81821,-0.80274,-0.69649,-0.66275,0.036165,421.02,1166.9,1689.7,2136,767.09,1510.7,0.0045699,mammal
-1.0982,-1.0308,-0.98514,-0.8364,-0.79622,-0.99141,-0.99384,-1.1867,-1.0156,-1.069,-1.1311,-1.2707,-1.482,0.098791,1015.6,2032.8,2224.1,3239.6,2218.9,4105.1,0.0052763,mammal
-1.4195,-1.4827,-1.3598,-1.432,-1.355,-1.1754,-1.0369,-0.82573,-0.7524,-0.7998,-0.67319,-0.64555,-0.643,0.026944,504.52,1282.6,2143.7,3067.7,566.46,1166.7,0.0025431,mammal
-0.94774,-0.98245,-1.0233,-0.99764,-0.90193,-0.91118,-0.79253,-0.69488,-0.6664,-0.62198,-0.58475,-0.6654,-0.68459,0.027526,372.34,959.79,2140.9,2694.3,591.81,1092.8,0.0023103,mammal
-1.1525,-1.0725,-1.1809,-1.2616,-1.1234,-1.1154,-1.159,-1.1047,-1.1821,-1.1589,-1.0265,-1.1282,-1.1227,0.029544,888.2,2128.5,3165.9,4130.3,487.13,807.23,0.0041652,mammal
-0.94342,-0.87049,-0.89504,-0.84293,-0.56771,-0.44863,-0.32115,-0.30021,-0.26853,-0.26688,-0.36957,-0.38704,-0.2168,0.045237,591.12,868.16,2348,2485.8,984.32,1948.1,0.0048682,mammal
-1.0768,-1.1103,-1.1077,-1.1569,-1.0678,-0.96446,-0.88863,-0.91489,-0.9664,-0.88867,-0.9086,-0.87763,-1.0194,0.029363,430.78,926.9,2925.7,4952.3,622.03,1035.7,0.00228,mammal
-1.181,-1.0967,-1.073,-1.0304,-0.97505,-0.91428,-0.89431,-0.84578,-0.86615,-0.83184,-0.85465,-0.93126,-1.0159,0.037072,452.47,1066.8,1399.5,2444,833.95,1169,0.0019355,mammal
-0.70664,-0.74745,-0.71167,-0.77657,-0.72971,-0.74288,-0.70835,-0.68677,-0.75883,-0.66618,-0.60949,-0.54902,-0.55812,0.039268,132.99,1125.8,1931,2905.9,726.91,1369.9,0.0026289,mammal
-0.624,-0.69826,-0.76798,-0.70647,-0.83256,-0.81307,-0.87117,-0.87153,-0.81679,-0.89291,-0.95823,-1.0286,-0.9674,0.063078,671.5,1482.3,2210.5,3103.6,1266.6,2278.3,0.0042329,mammal
-0.94146,-0.84482,-0.801,-0.54176,-0.58233,-0.64142,-0.69978,-0.64254,-0.64782,-0.64995,-0.71343,-0.63331,-0.66521,0.044785,641.58,1337.9,1874.6,2393,862.4,1625,0.0016315,mammal
-2.7307,-2.86,-2.3556,-2.157,-2.0014,-1.4732,-1.1007,-0.87248,-0.89365,-0.75858,-0.73107,-0.72417,-0.71805,0.027831,508.73,1235.1,1802.6,2375,946.21,2414.8,0.024686,mammal
-1.2671,-1.3175,-1.3219,-1.2397,-1.129,-0.94359,-0.87961,-0.92385,-0.87367,-0.84538,-0.79917,-0.7216,-0.79519,0.060346,988.47,1040.8,1832.7,2578.3,1194,1941.4,0.0040695,mammal
-1.5791,-1.2572,-1.139,-1.157,-1.0759,-1.1418,-1.1295,-1.0305,-1.083,-1.0614,-0.96122,-0.98957,-1.0239,0.05936,750.21,1236.9,2188.4,2950.4,1093.7,2276.8,0.0038907,mammal
-2.0679,-1.9741,-1.8273,-1.1578,-0.79079,-0.76045,-0.83093,-0.69564,-0.60231,-0.63544,-0.54825,-0.60658,-0.7031,0.044582,779.48,1204.3,2199.3,2493.4,958.18,1304.5,0.0029291,mammal
-0.90347,-0.95781,-0.93907,-0.59621,-0.58458,-0.45074,-0.29214,-0.25569,-0.26238,-0.2015,-0.34513,-0.25045,-0.27104,0.045321,687.64,1225.7,1285.3,2839.7,921.16,1617.5,0.0032612,mammal
-2.7757,-2.6361,-2.3448,-1.0827,-0.85716,-0.70917,-0.57747,-0.63395,-0.52699,-0.43286,-0.52494,-0.47234,-0.50104,0.061095,360.08,660.83,2999.4,4178.1,1671,2310.1,0.015955,mammal
-0.99835,-0.9064,-0.93758,-1.0722,-1.0899,-1.0112,-0.97284,-0.92502,-0.82828,-0.70581,-0.74288,-0.7179,-0.74113,0.026901,480.48,606.87,1930.5,2491.1,572.18,1003.1,0.0022676,mammal
-1.2095,-1.1921,-1.2357,-0.94452,-0.89273,-0.84191,-0.74638,-0.81386,-0.90691,-0.94844,-1.0289,-1.0023,-0.90918,0.050391,679.59,1263.1,2171.2,3167.3,1027.2,1538.9,0.004714,mammal
-0.92956,-0.78522,-0.74182,-0.79244,-0.73801,-0.78804,-0.84767,-0.89576,-0.99224,-0.87785,-0.86039,-0.81661,-0.85944,0.034756,547.62,913.1,2352.6,2490.4,659.28,1088.9,0.003275,mammal
-0.88409,-0.90303,-0.85452,-0.70964,-0.71496,-0.84345,-0.8296,-0.74369,-0.78668,-0.73351,-0.6808,-0.67823,-0.68268,0.037321,572.81,1260.4,2111.5,3081.2,827.55,1913,0.0031173,mammal
-0.95981,-0.81747,-0.8735,-0.88058,-0.89789,-0.85232,-0.67958,-0.73852,-0.79236,-0.64139,-0.68451,-0.72572,-0.73289,0.036845,860.71,1913.4,2378.9,3423.8,690.59,1671.4,0.002327,mammal
-1.4443,-1.4917,-1.4066,-1.4259,-1.4239,-1.0718,-0.74809,-0.48318,-0.38128,-0.45962,-0.56455,-0.54961,-0.51247,0.045975,461.59,1291.5,2138.1,3302.9,805.93,1553.7,0.0077511,mammal
-1.9802,-1.8918,-1.7016,-1.5135,-1.3211,-1.1735,-1.1006,-1.1055,-1.1945,-1.2234,-1.0908,-1.1236,-0.97915,0.031429,520.88,1036.4,1373.5,2008.5,730.15,1173.9,0.0031557,mammal
-1.5716,-1.5049,-1.5104,-1.3143,-1.1137,-1.0528,-1.1269,-1.0962,-1.1136,-1.0528,-1.1527,-0.95467,-1.1509,0.13169,1252.2,1334.4,2374.2,3135.2,2526.2,6425.9,0.032136,mammal
-1.4027,-1.4195,-1.3604,-1.353,-1.2176,-1.0596,-1.0361,-0.82025,-0.76968,-0.68906,-0.57138,-0.56169,-0.33218,0.041559,582.06,994.94,2092.5,3296.9,832.92,1489.9,0.0039223,mammal
-1.5133,-1.4133,-1.5042,-1.4428,-1.3234,-1.1233,-1.0229,-0.98499,-0.89303,-0.93544,-0.85828,-0.88039,-0.8392,0.054467,704.82,1119.2,2021.3,3107.8,1051.3,1902.9,0.0047032,mammal
-1.2574,-1.3244,-1.1529,-1.1574,-1.1034,-0.56522,-0.39595,-0.33444,-0.27637,-0.26727,-0.18496,-0.24666,-0.19674,0.08194,415.3,835.48,1503.3,2870,1449.2,3156.1,0.0062294,mammal
-1.4354,-1.3996,-1.5092,-1.3257,-1.061,-0.83819,-0.72982,-0.66211,-0.66297,-0.7778,-0.8314,-0.84072,-1.0352,0.046481,348.39,877.8,1819.5,2711.6,694.17,1858,0.0068096,mammal
-0.90195,-0.91784,-0.90481,-0.9431,-0.91365,-0.8981,-0.89265,-0.87752,-0.86728,-0.84631,-0.86023,-0.90067,-0.92955,0.041919,1225.8,2455.5,3455.7,4624.2,723.01,1398.2,0.0025535,mammal
-1.2515,-1.2284,-1.2268,-1.1534,-1.1525,-1.0353,-1.1278,-1.1172,-0.98085,-0.91318,-0.97941,-0.96476,-0.89756,0.04171,610.12,1158.8,2155.9,2696.4,885.27,1588.3,0.0023932,mammal
-1.376,-1.4119,-1.1261,-0.9855,-0.81174,-0.84042,-0.77488,-0.75133,-0.79135,-0.83462,-0.81794,-1.0332,-0.98464,0.024586,549.64,1018.8,1968.5,2952.6,543.44,867.45,0.0020127,mammal
-0.57416,-0.56342,-0.65573,-0.54579,-0.6287,-0.60822,-0.49123,-0.46946,-0.43399,-0.47692,-0.48574,-0.49294,-0.45389,0.024769,372.1,1163.8,2235.4,3218.2,537.85,1457.9,0.0024744,mammal
-0.28648,-0.28141,-0.28766,-0.28454,-0.25266,-0.31253,-0.17392,-0.2456,-0.18691,-0.19823,-0.2036,-0.28566,-0.25173,0.039152,328.41,997.5,1834.5,2169.1,736.8,1166.5,0.00148,mammal
-0.94853,-0.91455,-0.83059,-0.80989,-0.8143,-0.77949,-0.79532,-0.8242,-0.84427,-0.82162,-0.78449,-0.81942,-0.85512,0.028611,517.9,1247.6,1817.8,3223.3,613.36,1041,0.0015521,mammal
-0.49808,-0.5926,-0.54249,-0.52584,-0.58113,-0.61124,-0.51,-0.51923,-0.47726,-0.48977,-0.51763,-0.45729,-0.44267,0.049613,346.41,1009.8,1806.1,2825.1,922.51,2028,0.0036147,mammal
-0.6281,-0.57501,-0.51905,-0.49046,-0.49684,-0.42388,-0.40115,-0.44965,-0.43754,-0.4166,-0.35746,-0.37904,-0.34616,0.03868,183.22,1666.4,2025.9,2931.8,743.53,1679.4,0.0025534,mammal
-0.45551,-0.48159,-0.44372,-0.39562,-0.38321,-0.37714,-0.35193,-0.33627,-0.35414,-0.28526,-0.28428,-0.33905,-0.32912,0.029899,152.29,1165.1,2074.5,2966.1,584.74,1344.5,0.0023569,mammal
-0.64194,-0.65268,-0.62125,-0.57104,-0.57132,-0.53039,-0.53577,-0.54012,-0.55443,-0.62185,-0.58114,-0.54861,-0.55604,0.022751,348.41,1339.2,2179.1,3157.7,502.06,1414.5,0.0019603,mammal
-0.59254,-0.60929,-0.65532,-0.82044,-0.64061,-0.51299,-0.51405,-0.55982,-0.48818,-0.36391,-0.38095,-0.45486,-0.42244,0.017611,184.41,1021.3,2149.6,2263.1,262.9,510.28,0.0031034,mammal
-0.19424,-0.19308,-0.13515,-0.29363,-0.12725,-0.018792,-0.043807,-0.054204,-0.17214,-0.1674,-0.090081,-0.12222,-0.11105,0.041075,338.3,1124.9,2170.3,4067.6,821.24,1485.2,0.0026018,mammal
-0.18065,-0.17706,-0.14196,-0.12385,-0.12526,-0.16176,-0.071534,-0.067501,-0.072994,-0.043027,-0.063335,-0.074818,-0.066072,0.037678,307.12,1148,2177.1,3020.4,675.7,1603.5,0.0029435,mammal
-0.12161,-0.087512,-0.17227,-0.19677,-0.1289,-0.15772,-0.24104,-0.20762,-0.1086,-0.29403,-0.2936,-0.27024,-0.31401,0.014286,186.69,820.25,1768.3,2535.5,269.1,566.46,0.0012148,mammal
-0.11378,-0.11856,-0.18786,-0.21172,-0.30954,-0.34479,-0.29329,-0.25566,-0.23684,-0.25296,-0.29027,-0.29701,-0.22461,0.041108,703.83,1361.4,1956.3,2799.3,846.11,1477.5,0.0019499,mammal
-0.36756,-0.40504,-0.36097,-0.35562,-0.32259,-0.3487,-0.3617,-0.36909,-0.38909,-0.37778,-0.41589,-0.37752,-0.31146,0.03528,476.94,967.53,1861.9,2616.9,727.4,1294.4,0.0024774,mammal
-0.44683,-0.4132,-0.37587,-0.43051,-0.34075,-0.36073,-0.3667,-0.36498,-0.37058,-0.35184,-0.39728,-0.34937,-0.36942,0.017364,300.14,959.09,2125.2,2866.5,387.28,737.24,0.0022831,mammal
-0.69451,-0.55439,-0.5181,-0.57318,-0.48635,-0.46437,-0.52137,-0.45448,-0.52606,-0.36622,-0.39323,-0.47722,-0.4805,0.026175,938.37,1783.3,3061.3,4241.5,451.22,1170.9,0.002431,mammal
-0.42852,-0.38343,-0.46615,-0.39581,-0.36016,-0.3806,-0.37941,-0.43173,-0.42408,-0.42519,-0.4002,-0.42458,-0.39404,0.032115,274.07,979.36,1881.9,2868.9,715.49,1586.4,0.0025494,mammal
-0.52995,-0.54466,-0.56257,-0.52121,-0.50911,-0.4688,-0.4596,-0.44281,-0.4773,-0.48048,-0.51853,-0.45839,-0.4225,0.022831,345.51,852.99,1900.8,3112,426.72,929.49,0.0019053,mammal
-0.39799,-0.34235,-0.427,-0.46672,-0.43791,-0.49382,-0.44418,-0.37456,-0.38973,-0.37552,-0.38943,-0.37652,-0.40554,0.035941,407.75,1238,1917.2,3445.5,612.03,1554,0.0029305,mammal
-0.4031,-0.36806,-0.43059,-0.39505,-0.36878,-0.38918,-0.42094,-0.3186,-0.34597,-0.35172,-0.3529,-0.29088,-0.32766,0.042268,688.58,1432.5,2226.5,2921.3,926.99,1719.3,0.0021287,mammal
-0.6534,-0.6516,-0.6244,-0.61132,-0.59575,-0.5501,-0.62072,-0.62504,-0.60814,-0.51495,-0.5325,-0.53784,-0.49664,0.033894,759.47,1055.8,2506.5,3611,689.63,1120.7,0.0025708,mammal
-0.11116,-0.093124,-0.064046,-0.055575,-0.058203,-0.07454,-0.056622,-0.079277,-0.059059,-0.082745,-0.085806,-0.079512,-0.083349,0.038554,270.87,1271,2538.3,3749.5,736.32,1337,0.0018263,mammal
-0.22724,-0.19217,-0.18842,-0.19704,-0.20255,-0.21266,-0.20386,-0.15578,-0.095007,-0.16964,-0.18625,-0.21176,-0.1882,0.030742,615.4,1245.9,2404.2,3234.5,749.5,1289.6,0.002631,mammal
-0.43451,-0.40154,-0.46661,-0.44406,-0.42965,-0.38138,-0.3865,-0.42525,-0.36405,-0.33513,-0.39713,-0.52263,-0.43179,0.023985,360.54,845.61,1694.4,2686.4,504.22,1015.3,0.0021869,mammal
-0.27916,-0.24109,-0.22707,-0.25085,-0.27072,-0.24248,-0.21202,-0.17738,-0.16651,-0.15878,-0.14103,-0.13273,-0.14058,0.027647,315.71,930.71,1831.6,3136.5,624.21,1005.7,0.0018879,mammal
-0.59508,-0.55281,-0.59464,-0.55584,-0.49391,-0.48882,-0.38131,-0.33395,-0.38685,-0.38628,-0.35506,-0.36134,-0.39917,0.024117,386.66,1121.3,2222.2,3322,511.6,1064.5,0.0016235,mammal
-0.25281,-0.28119,-0.26046,-0.25159,-0.2822,-0.29619,-0.31542,-0.25176,-0.2505,-0.22095,-0.24102,-0.26959,-0.24914,0.030707,291.3,1447.4,2613.6,3905.2,529.04,1294.7,0.0054133,mammal
-0.098789,-0.1062,-0.089948,-0.10278,-0.10274,-0.11009,-0.053709,-0.085014,-0.037524,-0.084294,-0.041466,-0.036449,-0.023663,0.04164,189.37,1089.5,1839.2,3141.8,771.3,1645.3,0.0022361,mammal
-0.89373,-0.883,-0.92798,-0.82791,-0.78617,-0.74435,-0.86153,-0.74083,-0.64648,-0.62341,-0.62357,-0.64838,-0.53344,0.016013,160.69,1202.8,1905,2849.9,270.34,868.28,0.0015122,mammal
-0.47112,-0.41853,-0.41369,-0.36438,-0.34327,-0.3134,-0.27315,-0.2678,-0.26666,-0.27939,-0.25038,-0.29814,-0.26202,0.020057,201.72,1038.3,1614.3,2665,335.06,1097.5,0.0022245,mammal
-0.15734,-0.10975,-0.15478,-0.11555,-0.21569,-0.17238,-0.21684,-0.19452,-0.16541,-0.24216,-0.15107,-0.15699,-0.1846,0.020479,437.39,1399.6,2264.4,2940.3,428.13,796.34,0.0016013,mammal
-0.25105,-0.31543,-0.21617,-0.28476,-0.33751,-0.30286,-0.41941,-0.29086,-0.27455,-0.33397,-0.29277,-0.39232,-0.45704,0.017956,348.6,1159,2494.7,3455.6,395.92,722.65,0.0025642,mammal
-0.15497,-0.1252,-0.16469,-0.14543,-0.13081,-0.14187,-0.22568,-0.11159,-0.075169,-0.14365,-0.13037,-0.12352,-0.10359,0.021429,313.52,1184.5,1782.4,2776.1,476.5,1134,0.0019997,mammal
-0.95032,-0.90083,-0.88962,-0.8382,-0.81816,-0.72494,-0.67923,-0.6258,-0.5758,-0.52473,-0.49425,-0.46663,-0.48578,0.040683,697.09,902.18,1422.8,2337.1,798.49,1568.4,0.0023492,mammal
-0.87002,-0.79782,-0.74467,-0.70894,-0.71516,-0.71125,-0.72645,-0.7451,-0.74347,-0.76788,-0.79694,-0.81479,-0.79611,0.041594,385.99,897.74,1761.3,2562.4,889.86,1700.3,0.0023566,mammal
-0.94463,-0.88744,-0.80439,-0.74334,-0.70431,-0.64716,-0.60164,-0.59533,-0.58993,-0.5671,-0.56208,-0.5541,-0.53474,0.032619,321.98,955.28,1647.3,2457.5,722.67,1654,0.0024675,mammal
-0.76942,-0.77917,-0.77569,-0.77683,-0.7756,-0.7647,-0.74166,-0.72757,-0.69407,-0.66098,-0.6148,-0.59386,-0.56415,0.034487,482.66,957.17,1906,2790.1,749.19,1409.2,0.0022796,mammal
-0.38813,-0.39211,-0.35099,-0.33872,-0.37504,-0.3757,-0.16322,-0.1779,-0.22782,-0.27204,-0.33349,-0.26546,-0.2132,0.017871,276.64,1021.8,1647.3,2464.2,383.56,950.85,0.0017538,mammal
-0.32764,-0.32815,-0.32186,-0.30226,-0.28334,-0.30718,-0.31087,-0.29296,-0.29674,-0.31376,-0.32363,-0.3091,-0.28826,0.028899,322.67,1006.3,1483.6,3137.7,579.45,1476.1,0.0016773,mammal
-0.60143,-0.60129,-0.60145,-0.61124,-0.61111,-0.60447,-0.58555,-0.58145,-0.59131,-0.59002,-0.58523,-0.58585,-0.58526,0.036117,516.39,1051.8,2467,2710.9,767.4,1481.3,0.0024449,mammal
-0.60905,-0.58652,-0.55865,-0.53513,-0.5456,-0.54398,-0.54398,-0.53702,-0.5143,-0.52354,-0.51946,-0.51947,-0.52518,0.0292,244.34,1036.7,1900.1,2654.6,603.88,1992.7,0.0028354,mammal
-0.83658,-0.86436,-0.8646,-0.90808,-0.83141,-0.90199,-0.90195,-1.0025,-0.85772,-0.85291,-0.81593,-0.80022,-0.81518,0.065717,635.72,1495.2,2510.2,3113.1,1324.1,2145.7,0.0028535,mammal
-0.78732,-0.86229,-0.99512,-0.75,-0.79254,-0.7492,-0.74089,-0.86264,-0.87272,-0.89132,-0.88719,-0.81645,-0.9473,0.075266,890.98,1356.7,2361.7,2780.3,1547.1,2265.4,0.00319,mammal
-1.1122,-1.0578,-1.1307,-1.2241,-1.1847,-1.13,-1.1767,-1.1761,-1.1805,-1.0218,-1.0821,-1.1565,-1.1073,0.075145,1306.1,1756.9,2416.8,4081.3,1307.3,3077.6,0.0056121,mammal
-1.1501,-1.1989,-1.2185,-1.1168,-1.1092,-1.1612,-1.1365,-1.0816,-1.1569,-1.2622,-1.1544,-1.0901,-1.1228,0.063662,334.52,894.63,1892.8,3219.5,971.08,3134.5,0.0090797,mammal
-1.1724,-1.1722,-1.1214,-1.1526,-1.1067,-1.0917,-1.1157,-1.172,-1.2939,-1.2333,-1.1265,-1.14,-1.2243,0.074658,189.07,1198.4,2156.9,3114,1255.5,3001.4,0.0081862,mammal
-1.1724,-1.1101,-1.0809,-1.2459,-1.2201,-1.2031,-1.1758,-1.234,-1.0903,-1.1516,-1.1665,-1.1187,-1.1994,0.07123,854.61,1236.1,1779.1,2897.3,1657.3,2830.7,0.0028099,mammal
-1.3953,-1.375,-1.2735,-1.315,-1.3144,-1.3382,-1.2885,-1.1813,-1.2902,-1.2662,-1.3012,-1.3517,-1.4294,0.099304,1038,1711.7,2097.7,3025.4,2087.6,3718.1,0.0032058,mammal
-1.0626,-1.1527,-1.13,-1.1695,-1.1631,-1.1196,-1.1176,-1.0668,-1.0784,-1.0408,-1.1081,-1.0779,-1.2495,0.076781,1179.4,2406,3329.1,4581.5,952.18,4683.3,0.0051025,mammal
-1.3459,-1.3802,-1.4021,-1.2889,-1.376,-1.3611,-1.2757,-1.2946,-1.3452,-1.3131,-1.2287,-1.2707,-1.2741,0.082162,909.76,1504.5,1935.6,2983.3,1644.3,3191.8,0.003646,mammal
-0.83064,-0.81588,-0.83737,-0.822,-0.81854,-0.84339,-0.86124,-0.83683,-0.78086,-0.85084,-0.79054,-0.7594,-0.81696,0.06542,1032.2,1659.3,2268.9,3100.7,1433.2,2064.5,0.0021688,mammal
-1.0711,-1.0047,-0.95972,-1.0237,-1.0683,-0.91596,-0.95889,-1.0616,-1.0801,-0.93692,-0.90197,-0.995,-1.0316,0.13268,1531,2312.9,3115.2,3854.5,2879,3751.6,0.0024639,mammal
-1.1195,-1.0894,-1.1368,-1.058,-1.1405,-1.0542,-1.0831,-1.0653,-1.0373,-1.1388,-1.1389,-1.2229,-1.0346,0.11239,1510.9,2287,3030.7,3826.5,2418.8,3516.2,0.0032966,mammal
-1.0485,-1.084,-1.0914,-1.0661,-1.0171,-1.0231,-0.97992,-0.9715,-1.0418,-0.93865,-0.78109,-0.96194,-1.1325,0.040254,1252.3,2493.3,3105.3,4375.9,803.49,1304.8,0.0021708,mammal
-0.97412,-1.1089,-1.077,-0.93156,-0.94474,-1.0367,-0.99968,-0.93806,-0.98547,-0.88049,-0.92372,-1.0396,-0.96043,0.064561,420.98,1287.9,1965.3,3184.7,1348.8,1956.6,0.0033846,mammal
-1.0627,-1.0279,-1.0888,-1.0787,-0.9547,-0.99356,-0.98684,-0.92218,-0.99966,-1.0147,-1.0294,-1.0174,-1.035,0.073284,630.85,1382,2312.1,3636,1459.3,3586.8,0.0023847,mammal
-0.38899,-0.38244,-0.39303,-0.39526,-0.40923,-0.38857,-0.27583,-0.31845,-0.36826,-0.36406,-0.41907,-0.45796,-0.41015,0.05092,912.77,1847.7,2540.8,3376.4,1062.1,1777.7,0.0031181,mammal
-1.0803,-1.0913,-1.0134,-1.0419,-0.89673,-0.9583,-0.96963,-1.0874,-1.0797,-1.016,-0.9295,-1.0383,-1.079,0.0818,1155.5,1724.9,2387.2,4906.5,1698.3,2421.3,0.0043557,mammal
-0.96187,-0.90923,-1.0056,-1.0023,-0.92484,-1.066,-1.0248,-0.85322,-0.81016,-0.90489,-0.77602,-0.53504,-0.62532,0.098667,734.76,1471.4,2199.8,2954.7,1997.4,3331.5,0.0046176,mammal
-0.92608,-0.9237,-0.90513,-0.95057,-1.0745,-1.0679,-1.0648,-0.81308,-0.73777,-0.86079,-0.78506,-0.74244,-0.79052,0.092368,709.53,1506,2096.4,2786.6,1942.3,2726.5,0.0055074,mammal
-0.8189,-0.81505,-0.79333,-0.80651,-0.7711,-0.91415,-0.88987,-0.86724,-0.81778,-0.89547,-0.84266,-0.86329,-1.0038,0.10156,865.07,1443.2,2150,2951.8,2087.4,3339.6,0.0060834,mammal
-0.96034,-1.0095,-0.93591,-1.0451,-1.001,-0.81192,-0.70028,-0.69168,-0.70434,-0.71073,-0.71238,-0.80409,-0.82884,0.085348,815.21,1731.8,2199.6,2621.9,1742.2,2729.1,0.005552,mammal
-1.0973,-1.1744,-1.1603,-1.1123,-1.1973,-1.1007,-1.1746,-1.2181,-1.198,-1.2555,-1.2605,-1.2967,-1.3453,0.046455,791.32,1689.9,2036.2,3356.3,966.34,1585.1,0.0029788,mammal
-1.0343,-1.0113,-1.052,-1.0129,-1.0125,-1.0587,-1.0153,-1.0676,-1.1743,-1.1342,-1.1565,-1.1582,-1.1643,0.049599,808.98,1590.8,3137.8,3855.1,1051.6,1393,0.0030247,mammal
-1.0733,-1.1615,-1.0452,-1.1198,-1.1101,-1.1327,-1.0848,-0.96951,-0.99173,-1.0072,-0.98722,-1.0217,-1.1188,0.062243,1999.6,2111.2,3010.8,3535.5,1230.4,2813.7,0.0060278,mammal
-0.64064,-0.56385,-0.53656,-0.57517,-0.74155,-0.72683,-0.62555,-0.59682,-0.53505,-0.54342,-0.49701,-0.58377,-0.49124,0.093537,757.88,1762.3,2315.9,3541.7,2179,3825.4,0.00559,mammal
-1.0817,-1.0199,-1.0755,-1.1304,-0.97856,-0.8741,-0.76232,-0.78792,-0.9398,-0.9076,-0.99785,-1.0727,-1.0367,0.078503,1226.6,1932.4,2704.2,2993,1653.7,2518.7,0.0059655,mammal
-1.0907,-0.97396,-0.96392,-1.0197,-1.1375,-1.0118,-1.0729,-1.1754,-1.1296,-1.0867,-1.0836,-1.1093,-1.1592,0.067484,971.66,1837.8,2351.9,4497.5,1405.3,2467.3,0.0045495,mammal
-0.78273,-0.65629,-0.65434,-0.61567,-0.68045,-0.69928,-0.85238,-0.89796,-0.91405,-1.0236,-1.1038,-1.1678,-1.1458,0.057839,1009.7,1655.2,2605.5,3607.5,1246.6,1948,0.0029308,mammal
-1.0502,-1.0954,-1.1236,-1.186,-1.134,-1.0871,-1.0586,-0.95471,-0.89652,-1.0259,-0.94737,-0.9858,-1.0602,0.045744,680.84,1364.7,2165.7,3439.6,951.58,1572.4,0.0017421,mammal
-1.13,-1.1962,-1.2472,-1.1255,-1.2228,-1.3504,-1.2663,-1.2065,-1.2032,-1.2093,-1.119,-1.1541,-1.1621,0.038535,1180.4,2190.4,3800,4856.6,646.84,1713.3,0.0033593,mammal
-1.6935,-1.643,-1.2499,-0.89631,-1.0013,-1.0447,-1.0045,-1.074,-1.1215,-1.0416,-1.0671,-1.0915,-1.1258,0.079604,515.2,1561.2,2158.5,2738.9,1767.6,2228.6,0.0028576,mammal
-1.6231,-1.7356,-1.6503,-1.2218,-0.80932,-0.78816,-0.82124,-0.83318,-0.84597,-0.92881,-0.89017,-0.857,-0.8318,0.062794,634.04,1421.5,1942.4,2540.2,1427.7,2058.3,0.0020688,mammal
-0.79977,-0.80045,-0.74011,-0.72684,-0.6713,-0.70347,-0.73308,-0.66002,-0.67777,-0.72484,-0.64643,-0.72967,-0.80246,0.026095,1176.2,2112.9,2890.6,3690.8,276.54,962.87,0.0031574,mammal
-0.95414,-1.0182,-1.0392,-0.91307,-0.92502,-1.0565,-0.90489,-0.88884,-0.8783,-0.84853,-0.87766,-0.82073,-0.82702,0.089327,976.16,1780.7,2412.3,3002.6,1938.4,2607.3,0.0025444,mammal
-0.77132,-0.81004,-0.74562,-0.67191,-0.73659,-0.7549,-0.74725,-0.72673,-0.83697,-0.73152,-0.66136,-0.64701,-0.74166,0.078786,614.03,1288.8,1912.5,2689.7,1630.6,2645,0.0034333,mammal
-1.0241,-0.97338,-1.0746,-1.0412,-1.0064,-0.99663,-1.0984,-1.1201,-0.99911,-0.8753,-0.91651,-0.9876,-0.81001,0.10396,599.86,1694.7,2312,3316.4,2350.8,4278.5,0.0045391,mammal
-1.1946,-1.2591,-1.3035,-1.3043,-1.2217,-1.2449,-1.1534,-1.1698,-1.0559,-1.0783,-1.0506,-1.0969,-1.0648,0.082373,712.14,1335.5,1963.8,2674.2,1781.6,2119.6,0.0021509,mammal
-1.3595,-1.3021,-1.3703,-1.2118,-1.1663,-1.359,-1.1146,-1.1247,-1.1057,-1.1094,-1.1695,-1.0725,-1.171,0.061344,1288.4,1928.8,2570.7,3442.1,1439,2108.5,0.0015626,mammal
-0.58369,-0.63009,-0.66365,-0.66069,-0.73386,-0.76738,-0.72336,-0.63432,-0.5996,-0.56432,-0.55484,-0.50874,-0.54037,0.049419,620.8,1190.7,1831.7,2809.4,1069,1744.4,0.0021645,mammal
-0.28056,-0.13562,-0.1807,-0.28875,-0.21959,-0.18768,-0.24554,-0.21784,-0.19456,-0.32589,-0.32501,-0.30507,-0.38175,0.069789,676.45,1522.9,2315.2,3063,1418.9,2234.9,0.0046835,mammal
